2026-04-21 10:52:40,704 [INFO] __main__: Weather Juice UI starting
2026-04-21 10:53:17,035 [INFO] __main__: Fetch started: {'city': 'Johannesburg', 'period': 'Winter', 'depth': 10, 'units': 'metric', 'monthly': True, 'unify_scales': True}
2026-04-21 10:53:17,036 [DEBUG] api_client: Geocoding request: https://geocoding-api.open-meteo.com/v1/search params={'name': 'Johannesburg', 'count': 1, 'format': 'json'}
2026-04-21 10:53:17,037 [DEBUG] urllib3.connectionpool: Starting new HTTPS connection (1): geocoding-api.open-meteo.com:443
2026-04-21 10:53:17,831 [DEBUG] urllib3.connectionpool: https://geocoding-api.open-meteo.com:443 "GET /v1/search?name=Johannesburg&count=1&format=json HTTP/1.1" 200 277
2026-04-21 10:53:17,831 [DEBUG] api_client: Geocoding response: 1 result(s)
2026-04-21 10:53:17,831 [DEBUG] api_client: Resolved 'Johannesburg' to lat=-26.2023, lon=28.0436
2026-04-21 10:53:17,832 [DEBUG] api_client: Weather request: https://archive-api.open-meteo.com/v1/archive params={'latitude': -26.20227, 'longitude': 28.04363, 'start_date': '2015-01-01', 'end_date': '2025-12-31', 'daily': 'temperature_2m_max,temperature_2m_min,precipitation_sum', 'timezone': 'auto'}
2026-04-21 10:53:17,833 [DEBUG] urllib3.connectionpool: Starting new HTTPS connection (1): archive-api.open-meteo.com:443
2026-04-21 10:53:19,015 [DEBUG] urllib3.connectionpool: https://archive-api.open-meteo.com:443 "GET /v1/archive?latitude=-26.20227&longitude=28.04363&start_date=2015-01-01&end_date=2025-12-31&daily=temperature_2m_max%2Ctemperature_2m_min%2Cprecipitation_sum&timezone=auto HTTP/1.1" 200 None
2026-04-21 10:53:19,017 [DEBUG] api_client: Weather response: 4018 daily records
2026-04-21 10:53:19,018 [DEBUG] processing: Processing weather data: period=Winter, units=metric, monthly=True, custom=False
2026-04-21 10:53:19,020 [DEBUG] processing: Raw dataframe: 4018 rows
2026-04-21 10:53:19,024 [DEBUG] processing: After season filter (Winter): 1012 rows
2026-04-21 10:53:19,026 [DEBUG] processing: Processing complete: 3 output rows
2026-04-21 10:53:19,027 [DEBUG] matplotlib.pyplot: Loaded backend TkAgg version 8.6.
2026-04-21 10:53:19,066 [DEBUG] PIL.PngImagePlugin: STREAM b'IHDR' 16 13
2026-04-21 10:53:19,066 [DEBUG] PIL.PngImagePlugin: STREAM b'sBIT' 41 4
2026-04-21 10:53:19,066 [DEBUG] PIL.PngImagePlugin: b'sBIT' 41 4 (unknown)
2026-04-21 10:53:19,066 [DEBUG] PIL.PngImagePlugin: STREAM b'pHYs' 57 9
2026-04-21 10:53:19,066 [DEBUG] PIL.PngImagePlugin: STREAM b'IDAT' 78 1189
2026-04-21 10:53:19,070 [DEBUG] PIL.PngImagePlugin: STREAM b'IHDR' 16 13
2026-04-21 10:53:19,070 [DEBUG] PIL.PngImagePlugin: STREAM b'sBIT' 41 4
2026-04-21 10:53:19,070 [DEBUG] PIL.PngImagePlugin: b'sBIT' 41 4 (unknown)
2026-04-21 10:53:19,070 [DEBUG] PIL.PngImagePlugin: STREAM b'pHYs' 57 9
2026-04-21 10:53:19,070 [DEBUG] PIL.PngImagePlugin: STREAM b'IDAT' 78 2994
2026-04-21 10:53:19,080 [DEBUG] PIL.PngImagePlugin: STREAM b'IHDR' 16 13
2026-04-21 10:53:19,080 [DEBUG] PIL.PngImagePlugin: STREAM b'sBIT' 41 4
2026-04-21 10:53:19,080 [DEBUG] PIL.PngImagePlugin: b'sBIT' 41 4 (unknown)
2026-04-21 10:53:19,080 [DEBUG] PIL.PngImagePlugin: STREAM b'pHYs' 57 9
2026-04-21 10:53:19,080 [DEBUG] PIL.PngImagePlugin: STREAM b'IDAT' 78 374
2026-04-21 10:53:19,081 [DEBUG] PIL.PngImagePlugin: STREAM b'IHDR' 16 13
2026-04-21 10:53:19,081 [DEBUG] PIL.PngImagePlugin: STREAM b'sBIT' 41 4
2026-04-21 10:53:19,081 [DEBUG] PIL.PngImagePlugin: b'sBIT' 41 4 (unknown)
2026-04-21 10:53:19,081 [DEBUG] PIL.PngImagePlugin: STREAM b'pHYs' 57 9
2026-04-21 10:53:19,081 [DEBUG] PIL.PngImagePlugin: STREAM b'IDAT' 78 286
2026-04-21 10:53:19,082 [DEBUG] PIL.PngImagePlugin: STREAM b'IHDR' 16 13
2026-04-21 10:53:19,082 [DEBUG] PIL.PngImagePlugin: STREAM b'sBIT' 41 4
2026-04-21 10:53:19,082 [DEBUG] PIL.PngImagePlugin: b'sBIT' 41 4 (unknown)
2026-04-21 10:53:19,082 [DEBUG] PIL.PngImagePlugin: STREAM b'pHYs' 57 9
2026-04-21 10:53:19,082 [DEBUG] PIL.PngImagePlugin: STREAM b'IDAT' 78 263
2026-04-21 10:53:19,083 [DEBUG] PIL.PngImagePlugin: STREAM b'IHDR' 16 13
2026-04-21 10:53:19,083 [DEBUG] PIL.PngImagePlugin: STREAM b'sBIT' 41 4
2026-04-21 10:53:19,083 [DEBUG] PIL.PngImagePlugin: b'sBIT' 41 4 (unknown)
2026-04-21 10:53:19,083 [DEBUG] PIL.PngImagePlugin: STREAM b'pHYs' 57 9
2026-04-21 10:53:19,083 [DEBUG] PIL.PngImagePlugin: STREAM b'IDAT' 78 387
2026-04-21 10:53:19,084 [DEBUG] PIL.PngImagePlugin: STREAM b'IHDR' 16 13
2026-04-21 10:53:19,084 [DEBUG] PIL.PngImagePlugin: STREAM b'sBIT' 41 4
2026-04-21 10:53:19,084 [DEBUG] PIL.PngImagePlugin: b'sBIT' 41 4 (unknown)
2026-04-21 10:53:19,084 [DEBUG] PIL.PngImagePlugin: STREAM b'pHYs' 57 9
2026-04-21 10:53:19,084 [DEBUG] PIL.PngImagePlugin: STREAM b'IDAT' 78 436
2026-04-21 10:53:19,085 [DEBUG] PIL.PngImagePlugin: STREAM b'IHDR' 16 13
2026-04-21 10:53:19,085 [DEBUG] PIL.PngImagePlugin: STREAM b'sBIT' 41 4
2026-04-21 10:53:19,085 [DEBUG] PIL.PngImagePlugin: b'sBIT' 41 4 (unknown)
2026-04-21 10:53:19,085 [DEBUG] PIL.PngImagePlugin: STREAM b'pHYs' 57 9
2026-04-21 10:53:19,085 [DEBUG] PIL.PngImagePlugin: STREAM b'IDAT' 78 351
2026-04-21 10:53:19,085 [DEBUG] PIL.PngImagePlugin: STREAM b'IHDR' 16 13
2026-04-21 10:53:19,085 [DEBUG] PIL.PngImagePlugin: STREAM b'sBIT' 41 4
2026-04-21 10:53:19,085 [DEBUG] PIL.PngImagePlugin: b'sBIT' 41 4 (unknown)
2026-04-21 10:53:19,085 [DEBUG] PIL.PngImagePlugin: STREAM b'pHYs' 57 9
2026-04-21 10:53:19,086 [DEBUG] PIL.PngImagePlugin: STREAM b'IDAT' 78 364
2026-04-21 10:53:19,088 [DEBUG] matplotlib.font_manager: findfont: Matching sans\-serif:style=normal:variant=normal:weight=normal:stretch=normal:size=10.0.
2026-04-21 10:53:19,088 [DEBUG] matplotlib.font_manager: findfont: score(FontEntry(fname='c:\\Users\\deank\\sourcecode\\WeatherSnake\\.venv\\Lib\\site-packages\\matplotlib\\mpl-data\\fonts\\ttf\\DejaVuSans.ttf', name='DejaVu Sans', style='normal', variant='normal', weight=400, stretch='normal', size='scalable')) = 0.05
2026-04-21 10:53:19,088 [DEBUG] matplotlib.font_manager: findfont: score(FontEntry(fname='c:\\Users\\deank\\sourcecode\\WeatherSnake\\.venv\\Lib\\site-packages\\matplotlib\\mpl-data\\fonts\\ttf\\DejaVuSerif-Italic.ttf', name='DejaVu Serif', style='italic', variant='normal', weight=400, stretch='normal', size='scalable')) = 11.05
2026-04-21 10:53:19,088 [DEBUG] matplotlib.font_manager: findfont: score(FontEntry(fname='c:\\Users\\deank\\sourcecode\\WeatherSnake\\.venv\\Lib\\site-packages\\matplotlib\\mpl-data\\fonts\\ttf\\STIXSizThreeSymBol.ttf', name='STIXSizeThreeSym', style='normal', variant='normal', weight=700, stretch='normal', size='scalable')) = 10.335
2026-04-21 10:53:19,088 [DEBUG] matplotlib.font_manager: findfont: score(FontEntry(fname='c:\\Users\\deank\\sourcecode\\WeatherSnake\\.venv\\Lib\\site-packages\\matplotlib\\mpl-data\\fonts\\ttf\\DejaVuSansMono-Bold.ttf', name='DejaVu Sans Mono', style='normal', variant='normal', weight=700, stretch='normal', size='scalable')) = 10.335
2026-04-21 10:53:19,088 [DEBUG] matplotlib.font_manager: findfont: score(FontEntry(fname='c:\\Users\\deank\\sourcecode\\WeatherSnake\\.venv\\Lib\\site-packages\\matplotlib\\mpl-data\\fonts\\ttf\\STIXSizTwoSymReg.ttf', name='STIXSizeTwoSym', style='normal', variant='normal', weight=400, stretch='normal', size='scalable')) = 10.05
2026-04-21 10:53:19,088 [DEBUG] matplotlib.font_manager: findfont: score(FontEntry(fname='c:\\Users\\deank\\sourcecode\\WeatherSnake\\.venv\\Lib\\site-packages\\matplotlib\\mpl-data\\fonts\\ttf\\STIXGeneralBol.ttf', name='STIXGeneral', style='normal', variant='normal', weight=700, stretch='normal', size='scalable')) = 10.335
2026-04-21 10:53:19,088 [DEBUG] matplotlib.font_manager: findfont: score(FontEntry(fname='c:\\Users\\deank\\sourcecode\\WeatherSnake\\.venv\\Lib\\site-packages\\matplotlib\\mpl-data\\fonts\\ttf\\DejaVuSans-Bold.ttf', name='DejaVu Sans', style='normal', variant='normal', weight=700, stretch='normal', size='scalable')) = 0.33499999999999996
2026-04-21 10:53:19,088 [DEBUG] matplotlib.font_manager: findfont: score(FontEntry(fname='c:\\Users\\deank\\sourcecode\\WeatherSnake\\.venv\\Lib\\site-packages\\matplotlib\\mpl-data\\fonts\\ttf\\STIXSizFourSymBol.ttf', name='STIXSizeFourSym', style='normal', variant='normal', weight=700, stretch='normal', size='scalable')) = 10.335
2026-04-21 10:53:19,088 [DEBUG] matplotlib.font_manager: findfont: score(FontEntry(fname='c:\\Users\\deank\\sourcecode\\WeatherSnake\\.venv\\Lib\\site-packages\\matplotlib\\mpl-data\\fonts\\ttf\\cmr10.ttf', name='cmr10', style='normal', variant='normal', weight=400, stretch='normal', size='scalable')) = 10.05
2026-04-21 10:53:19,088 [DEBUG] matplotlib.font_manager: findfont: score(FontEntry(fname='c:\\Users\\deank\\sourcecode\\WeatherSnake\\.venv\\Lib\\site-packages\\matplotlib\\mpl-data\\fonts\\ttf\\STIXSizThreeSymReg.ttf', name='STIXSizeThreeSym', style='normal', variant='normal', weight=400, stretch='normal', size='scalable')) = 10.05
2026-04-21 10:53:19,088 [DEBUG] matplotlib.font_manager: findfont: score(FontEntry(fname='c:\\Users\\deank\\sourcecode\\WeatherSnake\\.venv\\Lib\\site-packages\\matplotlib\\mpl-data\\fonts\\ttf\\DejaVuSerif-BoldItalic.ttf', name='DejaVu Serif', style='italic', variant='normal', weight=700, stretch='normal', size='scalable')) = 11.335
2026-04-21 10:53:19,088 [DEBUG] matplotlib.font_manager: findfont: score(FontEntry(fname='c:\\Users\\deank\\sourcecode\\WeatherSnake\\.venv\\Lib\\site-packages\\matplotlib\\mpl-data\\fonts\\ttf\\DejaVuSans-Oblique.ttf', name='DejaVu Sans', style='oblique', variant='normal', weight=400, stretch='normal', size='scalable')) = 1.05
2026-04-21 10:53:19,088 [DEBUG] matplotlib.font_manager: findfont: score(FontEntry(fname='c:\\Users\\deank\\sourcecode\\WeatherSnake\\.venv\\Lib\\site-packages\\matplotlib\\mpl-data\\fonts\\ttf\\STIXSizFiveSymReg.ttf', name='STIXSizeFiveSym', style='normal', variant='normal', weight=400, stretch='normal', size='scalable')) = 10.05
2026-04-21 10:53:19,088 [DEBUG] matplotlib.font_manager: findfont: score(FontEntry(fname='c:\\Users\\deank\\sourcecode\\WeatherSnake\\.venv\\Lib\\site-packages\\matplotlib\\mpl-data\\fonts\\ttf\\DejaVuSansMono-BoldOblique.ttf', name='DejaVu Sans Mono', style='oblique', variant='normal', weight=700, stretch='normal', size='scalable')) = 11.335
2026-04-21 10:53:19,088 [DEBUG] matplotlib.font_manager: findfont: score(FontEntry(fname='c:\\Users\\deank\\sourcecode\\WeatherSnake\\.venv\\Lib\\site-packages\\matplotlib\\mpl-data\\fonts\\ttf\\STIXNonUni.ttf', name='STIXNonUnicode', style='normal', variant='normal', weight=400, stretch='normal', size='scalable')) = 10.05
2026-04-21 10:53:19,088 [DEBUG] matplotlib.font_manager: findfont: score(FontEntry(fname='c:\\Users\\deank\\sourcecode\\WeatherSnake\\.venv\\Lib\\site-packages\\matplotlib\\mpl-data\\fonts\\ttf\\cmtt10.ttf', name='cmtt10', style='normal', variant='normal', weight=400, stretch='normal', size='scalable')) = 10.05
2026-04-21 10:53:19,089 [DEBUG] matplotlib.font_manager: findfont: score(FontEntry(fname='c:\\Users\\deank\\sourcecode\\WeatherSnake\\.venv\\Lib\\site-packages\\matplotlib\\mpl-data\\fonts\\ttf\\cmss10.ttf', name='cmss10', style='normal', variant='normal', weight=400, stretch='normal', size='scalable')) = 10.05
2026-04-21 10:53:19,089 [DEBUG] matplotlib.font_manager: findfont: score(FontEntry(fname='c:\\Users\\deank\\sourcecode\\WeatherSnake\\.venv\\Lib\\site-packages\\matplotlib\\mpl-data\\fonts\\ttf\\STIXSizOneSymReg.ttf', name='STIXSizeOneSym', style='normal', variant='normal', weight=400, stretch='normal', size='scalable')) = 10.05
2026-04-21 10:53:19,089 [DEBUG] matplotlib.font_manager: findfont: score(FontEntry(fname='c:\\Users\\deank\\sourcecode\\WeatherSnake\\.venv\\Lib\\site-packages\\matplotlib\\mpl-data\\fonts\\ttf\\cmb10.ttf', name='cmb10', style='normal', variant='normal', weight=400, stretch='normal', size='scalable')) = 10.05
2026-04-21 10:53:19,089 [DEBUG] matplotlib.font_manager: findfont: score(FontEntry(fname='c:\\Users\\deank\\sourcecode\\WeatherSnake\\.venv\\Lib\\site-packages\\matplotlib\\mpl-data\\fonts\\ttf\\cmmi10.ttf', name='cmmi10', style='normal', variant='normal', weight=400, stretch='normal', size='scalable')) = 10.05
2026-04-21 10:53:19,089 [DEBUG] matplotlib.font_manager: findfont: score(FontEntry(fname='c:\\Users\\deank\\sourcecode\\WeatherSnake\\.venv\\Lib\\site-packages\\matplotlib\\mpl-data\\fonts\\ttf\\DejaVuSans-BoldOblique.ttf', name='DejaVu Sans', style='oblique', variant='normal', weight=700, stretch='normal', size='scalable')) = 1.335
2026-04-21 10:53:19,089 [DEBUG] matplotlib.font_manager: findfont: score(FontEntry(fname='c:\\Users\\deank\\sourcecode\\WeatherSnake\\.venv\\Lib\\site-packages\\matplotlib\\mpl-data\\fonts\\ttf\\DejaVuSerif-Bold.ttf', name='DejaVu Serif', style='normal', variant='normal', weight=700, stretch='normal', size='scalable')) = 10.335
2026-04-21 10:53:19,089 [DEBUG] matplotlib.font_manager: findfont: score(FontEntry(fname='c:\\Users\\deank\\sourcecode\\WeatherSnake\\.venv\\Lib\\site-packages\\matplotlib\\mpl-data\\fonts\\ttf\\DejaVuSerifDisplay.ttf', name='DejaVu Serif Display', style='normal', variant='normal', weight=400, stretch='normal', size='scalable')) = 10.05
2026-04-21 10:53:19,089 [DEBUG] matplotlib.font_manager: findfont: score(FontEntry(fname='c:\\Users\\deank\\sourcecode\\WeatherSnake\\.venv\\Lib\\site-packages\\matplotlib\\mpl-data\\fonts\\ttf\\STIXNonUniIta.ttf', name='STIXNonUnicode', style='italic', variant='normal', weight=400, stretch='normal', size='scalable')) = 11.05
2026-04-21 10:53:19,089 [DEBUG] matplotlib.font_manager: findfont: score(FontEntry(fname='c:\\Users\\deank\\sourcecode\\WeatherSnake\\.venv\\Lib\\site-packages\\matplotlib\\mpl-data\\fonts\\ttf\\STIXGeneralItalic.ttf', name='STIXGeneral', style='italic', variant='normal', weight=400, stretch='normal', size='scalable')) = 11.05
2026-04-21 10:53:19,089 [DEBUG] matplotlib.font_manager: findfont: score(FontEntry(fname='c:\\Users\\deank\\sourcecode\\WeatherSnake\\.venv\\Lib\\site-packages\\matplotlib\\mpl-data\\fonts\\ttf\\DejaVuSansDisplay.ttf', name='DejaVu Sans Display', style='normal', variant='normal', weight=400, stretch='normal', size='scalable')) = 10.05
2026-04-21 10:53:19,089 [DEBUG] matplotlib.font_manager: findfont: score(FontEntry(fname='c:\\Users\\deank\\sourcecode\\WeatherSnake\\.venv\\Lib\\site-packages\\matplotlib\\mpl-data\\fonts\\ttf\\DejaVuSansMono-Oblique.ttf', name='DejaVu Sans Mono', style='oblique', variant='normal', weight=400, stretch='normal', size='scalable')) = 11.05
2026-04-21 10:53:19,089 [DEBUG] matplotlib.font_manager: findfont: score(FontEntry(fname='c:\\Users\\deank\\sourcecode\\WeatherSnake\\.venv\\Lib\\site-packages\\matplotlib\\mpl-data\\fonts\\ttf\\DejaVuSansMono.ttf', name='DejaVu Sans Mono', style='normal', variant='normal', weight=400, stretch='normal', size='scalable')) = 10.05
2026-04-21 10:53:19,089 [DEBUG] matplotlib.font_manager: findfont: score(FontEntry(fname='c:\\Users\\deank\\sourcecode\\WeatherSnake\\.venv\\Lib\\site-packages\\matplotlib\\mpl-data\\fonts\\ttf\\STIXNonUniBolIta.ttf', name='STIXNonUnicode', style='italic', variant='normal', weight=700, stretch='normal', size='scalable')) = 11.335
2026-04-21 10:53:19,089 [DEBUG] matplotlib.font_manager: findfont: score(FontEntry(fname='c:\\Users\\deank\\sourcecode\\WeatherSnake\\.venv\\Lib\\site-packages\\matplotlib\\mpl-data\\fonts\\ttf\\cmsy10.ttf', name='cmsy10', style='normal', variant='normal', weight=400, stretch='normal', size='scalable')) = 10.05
2026-04-21 10:53:19,089 [DEBUG] matplotlib.font_manager: findfont: score(FontEntry(fname='c:\\Users\\deank\\sourcecode\\WeatherSnake\\.venv\\Lib\\site-packages\\matplotlib\\mpl-data\\fonts\\ttf\\cmex10.ttf', name='cmex10', style='normal', variant='normal', weight=400, stretch='normal', size='scalable')) = 10.05
2026-04-21 10:53:19,089 [DEBUG] matplotlib.font_manager: findfont: score(FontEntry(fname='c:\\Users\\deank\\sourcecode\\WeatherSnake\\.venv\\Lib\\site-packages\\matplotlib\\mpl-data\\fonts\\ttf\\DejaVuSerif.ttf', name='DejaVu Serif', style='normal', variant='normal', weight=400, stretch='normal', size='scalable')) = 10.05
2026-04-21 10:53:19,089 [DEBUG] matplotlib.font_manager: findfont: score(FontEntry(fname='c:\\Users\\deank\\sourcecode\\WeatherSnake\\.venv\\Lib\\site-packages\\matplotlib\\mpl-data\\fonts\\ttf\\STIXGeneral.ttf', name='STIXGeneral', style='normal', variant='normal', weight=400, stretch='normal', size='scalable')) = 10.05
2026-04-21 10:53:19,089 [DEBUG] matplotlib.font_manager: findfont: score(FontEntry(fname='c:\\Users\\deank\\sourcecode\\WeatherSnake\\.venv\\Lib\\site-packages\\matplotlib\\mpl-data\\fonts\\ttf\\STIXGeneralBolIta.ttf', name='STIXGeneral', style='italic', variant='normal', weight=700, stretch='normal', size='scalable')) = 11.335
2026-04-21 10:53:19,089 [DEBUG] matplotlib.font_manager: findfont: score(FontEntry(fname='c:\\Users\\deank\\sourcecode\\WeatherSnake\\.venv\\Lib\\site-packages\\matplotlib\\mpl-data\\fonts\\ttf\\STIXSizTwoSymBol.ttf', name='STIXSizeTwoSym', style='normal', variant='normal', weight=700, stretch='normal', size='scalable')) = 10.335
2026-04-21 10:53:19,089 [DEBUG] matplotlib.font_manager: findfont: score(FontEntry(fname='c:\\Users\\deank\\sourcecode\\WeatherSnake\\.venv\\Lib\\site-packages\\matplotlib\\mpl-data\\fonts\\ttf\\STIXSizOneSymBol.ttf', name='STIXSizeOneSym', style='normal', variant='normal', weight=700, stretch='normal', size='scalable')) = 10.335
2026-04-21 10:53:19,089 [DEBUG] matplotlib.font_manager: findfont: score(FontEntry(fname='c:\\Users\\deank\\sourcecode\\WeatherSnake\\.venv\\Lib\\site-packages\\matplotlib\\mpl-data\\fonts\\ttf\\STIXNonUniBol.ttf', name='STIXNonUnicode', style='normal', variant='normal', weight=700, stretch='normal', size='scalable')) = 10.335
2026-04-21 10:53:19,089 [DEBUG] matplotlib.font_manager: findfont: score(FontEntry(fname='c:\\Users\\deank\\sourcecode\\WeatherSnake\\.venv\\Lib\\site-packages\\matplotlib\\mpl-data\\fonts\\ttf\\STIXSizFourSymReg.ttf', name='STIXSizeFourSym', style='normal', variant='normal', weight=400, stretch='normal', size='scalable')) = 10.05
2026-04-21 10:53:19,089 [DEBUG] matplotlib.font_manager: findfont: score(FontEntry(fname='C:\\Windows\\Fonts\\ABCDiatypeMono-Bold-Trial.otf', name='ABC Diatype Mono Unlicensed Trial', style='normal', variant='normal', weight=700, stretch='normal', size='scalable')) = 10.335
2026-04-21 10:53:19,089 [DEBUG] matplotlib.font_manager: findfont: score(FontEntry(fname='C:\\Windows\\Fonts\\ABCDiatypeExtended-Medium-Trial.otf', name='ABC Diatype Extended Unlicensed Trial', style='normal', variant='normal', weight=500, stretch='expanded', size='scalable')) = 10.344999999999999
2026-04-21 10:53:19,089 [DEBUG] matplotlib.font_manager: findfont: score(FontEntry(fname='C:\\Users\\deank\\AppData\\Local\\Microsoft\\Windows\\Fonts\\Ubuntu-Bold.ttf', name='Ubuntu', style='normal', variant='normal', weight=700, stretch='normal', size='scalable')) = 10.335
2026-04-21 10:53:19,089 [DEBUG] matplotlib.font_manager: findfont: score(FontEntry(fname='C:\\Windows\\Fonts\\DUBAI-BOLD.TTF', name='Dubai', style='normal', variant='normal', weight=700, stretch='normal', size='scalable')) = 10.335
2026-04-21 10:53:19,089 [DEBUG] matplotlib.font_manager: findfont: score(FontEntry(fname='C:\\Windows\\Fonts\\CALIST.TTF', name='Calisto MT', style='normal', variant='normal', weight=400, stretch='normal', size='scalable')) = 10.05
2026-04-21 10:53:19,089 [DEBUG] matplotlib.font_manager: findfont: score(FontEntry(fname='C:\\Windows\\Fonts\\GLECB.TTF', name='Gloucester MT Extra Condensed', style='normal', variant='normal', weight=400, stretch='condensed', size='scalable')) = 10.25
2026-04-21 10:53:19,089 [DEBUG] matplotlib.font_manager: findfont: score(FontEntry(fname='C:\\Windows\\Fonts\\ABCDiatypeExtended-BoldItalic-Trial.otf', name='ABC Diatype Extended Unlicensed Trial', style='italic', variant='normal', weight=700, stretch='expanded', size='scalable')) = 11.535
2026-04-21 10:53:19,089 [DEBUG] matplotlib.font_manager: findfont: score(FontEntry(fname='C:\\Windows\\Fonts\\georgiab.ttf', name='Georgia', style='normal', variant='normal', weight=700, stretch='normal', size='scalable')) = 10.335
2026-04-21 10:53:19,089 [DEBUG] matplotlib.font_manager: findfont: score(FontEntry(fname='C:\\Windows\\Fonts\\msgothic.ttc', name='MS Gothic', style='normal', variant='normal', weight=400, stretch='normal', size='scalable')) = 10.05
2026-04-21 10:53:19,089 [DEBUG] matplotlib.font_manager: findfont: score(FontEntry(fname='C:\\Windows\\Fonts\\timesi.ttf', name='Times New Roman', style='italic', variant='normal', weight=400, stretch='normal', size='scalable')) = 11.05
2026-04-21 10:53:19,089 [DEBUG] matplotlib.font_manager: findfont: score(FontEntry(fname='C:\\Windows\\Fonts\\PERI____.TTF', name='Perpetua', style='italic', variant='normal', weight=400, stretch='normal', size='scalable')) = 11.05
2026-04-21 10:53:19,089 [DEBUG] matplotlib.font_manager: findfont: score(FontEntry(fname='C:\\Windows\\Fonts\\SHOWG.TTF', name='Showcard Gothic', style='normal', variant='normal', weight=400, stretch='normal', size='scalable')) = 10.05
2026-04-21 10:53:19,090 [DEBUG] matplotlib.font_manager: findfont: score(FontEntry(fname='C:\\Windows\\Fonts\\CENTAUR.TTF', name='Centaur', style='normal', variant='normal', weight=400, stretch='normal', size='scalable')) = 10.05
2026-04-21 10:53:19,090 [DEBUG] matplotlib.font_manager: findfont: score(FontEntry(fname='C:\\Windows\\Fonts\\seguisbi.ttf', name='Segoe UI', style='italic', variant='normal', weight=600, stretch='normal', size='scalable')) = 11.24
2026-04-21 10:53:19,090 [DEBUG] matplotlib.font_manager: findfont: score(FontEntry(fname='C:\\Windows\\Fonts\\FELIXTI.TTF', name='Felix Titling', style='normal', variant='normal', weight=400, stretch='normal', size='scalable')) = 10.05
2026-04-21 10:53:19,090 [DEBUG] matplotlib.font_manager: findfont: score(FontEntry(fname='C:\\Windows\\Fonts\\segoepr.ttf', name='Segoe Print', style='normal', variant='normal', weight=400, stretch='normal', size='scalable')) = 10.05
2026-04-21 10:53:19,090 [DEBUG] matplotlib.font_manager: findfont: score(FontEntry(fname='C:\\Windows\\Fonts\\consolai.ttf', name='Consolas', style='italic', variant='normal', weight=400, stretch='normal', size='scalable')) = 11.05
2026-04-21 10:53:19,090 [DEBUG] matplotlib.font_manager: findfont: score(FontEntry(fname='C:\\Windows\\Fonts\\calibril.ttf', name='Calibri', style='normal', variant='normal', weight=300, stretch='normal', size='scalable')) = 10.145
2026-04-21 10:53:19,090 [DEBUG] matplotlib.font_manager: findfont: score(FontEntry(fname='C:\\Windows\\Fonts\\FRADMIT.TTF', name='Franklin Gothic Demi', style='italic', variant='normal', weight=400, stretch='normal', size='scalable')) = 11.05
2026-04-21 10:53:19,090 [DEBUG] matplotlib.font_manager: findfont: score(FontEntry(fname='C:\\Windows\\Fonts\\GOUDOSB.TTF', name='Goudy Old Style', style='normal', variant='normal', weight=700, stretch='normal', size='scalable')) = 10.335
2026-04-21 10:53:19,090 [DEBUG] matplotlib.font_manager: findfont: score(FontEntry(fname='C:\\Windows\\Fonts\\LTYPEBO.TTF', name='Lucida Sans Typewriter', style='oblique', variant='normal', weight=600, stretch='normal', size='scalable')) = 11.24
2026-04-21 10:53:19,090 [DEBUG] matplotlib.font_manager: findfont: score(FontEntry(fname='C:\\Windows\\Fonts\\ELEPHNTI.TTF', name='Elephant', style='italic', variant='normal', weight=400, stretch='normal', size='scalable')) = 11.05
2026-04-21 10:53:19,090 [DEBUG] matplotlib.font_manager: findfont: score(FontEntry(fname='C:\\Windows\\Fonts\\SegoeWP-Bold_0.ttf', name='Segoe WP', style='normal', variant='normal', weight=700, stretch='normal', size='scalable')) = 10.335
2026-04-21 10:53:19,090 [DEBUG] matplotlib.font_manager: findfont: score(FontEntry(fname='C:\\Windows\\Fonts\\calibrii.ttf', name='Calibri', style='italic', variant='normal', weight=400, stretch='normal', size='scalable')) = 11.05
2026-04-21 10:53:19,090 [DEBUG] matplotlib.font_manager: findfont: score(FontEntry(fname='C:\\Windows\\Fonts\\BOD_CR.TTF', name='Bodoni MT', style='normal', variant='normal', weight=400, stretch='condensed', size='scalable')) = 10.25
2026-04-21 10:53:19,090 [DEBUG] matplotlib.font_manager: findfont: score(FontEntry(fname='C:\\Windows\\Fonts\\ABCDiatypeCondensed-Bold-Trial.otf', name='ABC Diatype Condensed Unlicensed Trial', style='normal', variant='normal', weight=700, stretch='condensed', size='scalable')) = 10.535
2026-04-21 10:53:19,090 [DEBUG] matplotlib.font_manager: findfont: score(FontEntry(fname='C:\\Windows\\Fonts\\ABCDiatypeCondensed-MediumItalic-Trial.otf', name='ABC Diatype Condensed Unlicensed Trial', style='italic', variant='normal', weight=500, stretch='condensed', size='scalable')) = 11.344999999999999
2026-04-21 10:53:19,090 [DEBUG] matplotlib.font_manager: findfont: score(FontEntry(fname='C:\\Windows\\Fonts\\seguisli.ttf', name='Segoe UI', style='italic', variant='normal', weight=350, stretch='normal', size='scalable')) = 11.0975
2026-04-21 10:53:19,090 [DEBUG] matplotlib.font_manager: findfont: score(FontEntry(fname='C:\\Windows\\Fonts\\Poppins-Medium.ttf', name='Poppins', style='normal', variant='normal', weight=500, stretch='normal', size='scalable')) = 10.145
2026-04-21 10:53:19,090 [DEBUG] matplotlib.font_manager: findfont: score(FontEntry(fname='C:\\Windows\\Fonts\\JUICE___.TTF', name='Juice ITC', style='normal', variant='normal', weight=400, stretch='normal', size='scalable')) = 10.05
2026-04-21 10:53:19,090 [DEBUG] matplotlib.font_manager: findfont: score(FontEntry(fname='C:\\Windows\\Fonts\\YuGothR.ttc', name='Yu Gothic', style='normal', variant='normal', weight=400, stretch='normal', size='scalable')) = 10.05
2026-04-21 10:53:19,090 [DEBUG] matplotlib.font_manager: findfont: score(FontEntry(fname='C:\\Windows\\Fonts\\BELL.TTF', name='Bell MT', style='normal', variant='normal', weight=400, stretch='normal', size='scalable')) = 10.05
2026-04-21 10:53:19,090 [DEBUG] matplotlib.font_manager: findfont: score(FontEntry(fname='C:\\Windows\\Fonts\\JOKERMAN.TTF', name='Jokerman', style='normal', variant='normal', weight=400, stretch='normal', size='scalable')) = 10.05
2026-04-21 10:53:19,090 [DEBUG] matplotlib.font_manager: findfont: score(FontEntry(fname='C:\\Windows\\Fonts\\ABCDiatypeSemi-Mono-Light-Trial.otf', name='ABC Diatype Semi-Mono Unlicensed Trial', style='normal', variant='normal', weight=300, stretch='normal', size='scalable')) = 10.145
2026-04-21 10:53:19,090 [DEBUG] matplotlib.font_manager: findfont: score(FontEntry(fname='C:\\Windows\\Fonts\\Gabriola.ttf', name='Gabriola', style='normal', variant='normal', weight=400, stretch='normal', size='scalable')) = 10.05
2026-04-21 10:53:19,090 [DEBUG] matplotlib.font_manager: findfont: score(FontEntry(fname='C:\\Windows\\Fonts\\HATTEN.TTF', name='Haettenschweiler', style='normal', variant='normal', weight=400, stretch='normal', size='scalable')) = 10.05
2026-04-21 10:53:19,090 [DEBUG] matplotlib.font_manager: findfont: score(FontEntry(fname='C:\\Windows\\Fonts\\lucon.ttf', name='Lucida Console', style='normal', variant='normal', weight=400, stretch='normal', size='scalable')) = 10.05
2026-04-21 10:53:19,090 [DEBUG] matplotlib.font_manager: findfont: score(FontEntry(fname='C:\\Users\\deank\\AppData\\Local\\Microsoft\\Windows\\Fonts\\Ubuntu-Italic.ttf', name='Ubuntu', style='italic', variant='normal', weight=400, stretch='normal', size='scalable')) = 11.05
2026-04-21 10:53:19,090 [DEBUG] matplotlib.font_manager: findfont: score(FontEntry(fname='C:\\Windows\\Fonts\\LFAXDI.TTF', name='Lucida Fax', style='italic', variant='normal', weight=600, stretch='normal', size='scalable')) = 11.24
2026-04-21 10:53:19,090 [DEBUG] matplotlib.font_manager: findfont: score(FontEntry(fname='C:\\Windows\\Fonts\\Poppins-Regular.ttf', name='Poppins', style='normal', variant='normal', weight=400, stretch='normal', size='scalable')) = 10.05
2026-04-21 10:53:19,090 [DEBUG] matplotlib.font_manager: findfont: score(FontEntry(fname='C:\\Windows\\Fonts\\bahnschrift.ttf', name='Bahnschrift', style='normal', variant='normal', weight=400, stretch='normal', size='scalable')) = 10.05
2026-04-21 10:53:19,090 [DEBUG] matplotlib.font_manager: findfont: score(FontEntry(fname='C:\\Windows\\Fonts\\segoeprb.ttf', name='Segoe Print', style='normal', variant='normal', weight=700, stretch='normal', size='scalable')) = 10.335
2026-04-21 10:53:19,090 [DEBUG] matplotlib.font_manager: findfont: score(FontEntry(fname='C:\\Windows\\Fonts\\simsun.ttc', name='SimSun', style='normal', variant='normal', weight=400, stretch='normal', size='scalable')) = 10.05
2026-04-21 10:53:19,090 [DEBUG] matplotlib.font_manager: findfont: score(FontEntry(fname='C:\\Windows\\Fonts\\FRAHVIT.TTF', name='Franklin Gothic Heavy', style='italic', variant='normal', weight=400, stretch='normal', size='scalable')) = 11.05
2026-04-21 10:53:19,090 [DEBUG] matplotlib.font_manager: findfont: score(FontEntry(fname='C:\\Windows\\Fonts\\SegoeIcons.ttf', name='Segoe Fluent Icons', style='normal', variant='normal', weight=400, stretch='normal', size='scalable')) = 10.05
2026-04-21 10:53:19,090 [DEBUG] matplotlib.font_manager: findfont: score(FontEntry(fname='C:\\Windows\\Fonts\\constani.ttf', name='Constantia', style='italic', variant='normal', weight=400, stretch='normal', size='scalable')) = 11.05
2026-04-21 10:53:19,090 [DEBUG] matplotlib.font_manager: findfont: score(FontEntry(fname='C:\\Windows\\Fonts\\ERASMD.TTF', name='Eras Medium ITC', style='normal', variant='normal', weight=400, stretch='normal', size='scalable')) = 10.05
2026-04-21 10:53:19,090 [DEBUG] matplotlib.font_manager: findfont: score(FontEntry(fname='C:\\Windows\\Fonts\\ROCCB___.TTF', name='Rockwell Condensed', style='normal', variant='normal', weight=700, stretch='condensed', size='scalable')) = 10.535
2026-04-21 10:53:19,090 [DEBUG] matplotlib.font_manager: findfont: score(FontEntry(fname='C:\\Windows\\Fonts\\segoeuii.ttf', name='Segoe UI', style='italic', variant='normal', weight=400, stretch='normal', size='scalable')) = 11.05
2026-04-21 10:53:19,090 [DEBUG] matplotlib.font_manager: findfont: score(FontEntry(fname='C:\\Windows\\Fonts\\GOTHICB.TTF', name='Century Gothic', style='normal', variant='normal', weight=700, stretch='normal', size='scalable')) = 10.335
2026-04-21 10:53:19,091 [DEBUG] matplotlib.font_manager: findfont: score(FontEntry(fname='C:\\Windows\\Fonts\\WINGDNG2.TTF', name='Wingdings 2', style='normal', variant='normal', weight=400, stretch='normal', size='scalable')) = 10.05
2026-04-21 10:53:19,091 [DEBUG] matplotlib.font_manager: findfont: score(FontEntry(fname='C:\\Windows\\Fonts\\LBRITE.TTF', name='Lucida Bright', style='normal', variant='normal', weight=400, stretch='normal', size='scalable')) = 10.05
2026-04-21 10:53:19,091 [DEBUG] matplotlib.font_manager: findfont: score(FontEntry(fname='C:\\Windows\\Fonts\\Inter-SemiBold.ttf', name='Inter', style='normal', variant='normal', weight=600, stretch='normal', size='scalable')) = 10.24
2026-04-21 10:53:19,091 [DEBUG] matplotlib.font_manager: findfont: score(FontEntry(fname='C:\\Users\\deank\\AppData\\Local\\Microsoft\\Windows\\Fonts\\ABC Diatype.ttf', name='ABC Diatype', style='normal', variant='normal', weight=700, stretch='normal', size='scalable')) = 10.335
2026-04-21 10:53:19,091 [DEBUG] matplotlib.font_manager: findfont: score(FontEntry(fname='C:\\Windows\\Fonts\\GARABD.TTF', name='Garamond', style='normal', variant='normal', weight=700, stretch='normal', size='scalable')) = 10.335
2026-04-21 10:53:19,091 [DEBUG] matplotlib.font_manager: findfont: score(FontEntry(fname='C:\\Windows\\Fonts\\ABCDiatype-Bold-Trial.otf', name='ABC Diatype Unlicensed Trial', style='normal', variant='normal', weight=700, stretch='normal', size='scalable')) = 10.335
2026-04-21 10:53:19,091 [DEBUG] matplotlib.font_manager: findfont: score(FontEntry(fname='C:\\Windows\\Fonts\\simsunb.ttf', name='SimSun-ExtB', style='normal', variant='normal', weight=400, stretch='normal', size='scalable')) = 10.05
2026-04-21 10:53:19,091 [DEBUG] matplotlib.font_manager: findfont: score(FontEntry(fname='C:\\Windows\\Fonts\\LBRITED.TTF', name='Lucida Bright', style='normal', variant='normal', weight=600, stretch='normal', size='scalable')) = 10.24
2026-04-21 10:53:19,091 [DEBUG] matplotlib.font_manager: findfont: score(FontEntry(fname='C:\\Windows\\Fonts\\tahomabd.ttf', name='Tahoma', style='normal', variant='normal', weight=700, stretch='normal', size='scalable')) = 10.335
2026-04-21 10:53:19,091 [DEBUG] matplotlib.font_manager: findfont: score(FontEntry(fname='C:\\Windows\\Fonts\\timesbd.ttf', name='Times New Roman', style='normal', variant='normal', weight=700, stretch='normal', size='scalable')) = 10.335
2026-04-21 10:53:19,091 [DEBUG] matplotlib.font_manager: findfont: score(FontEntry(fname='C:\\Windows\\Fonts\\COPRGTL.TTF', name='Copperplate Gothic Light', style='normal', variant='normal', weight=400, stretch='normal', size='scalable')) = 10.05
2026-04-21 10:53:19,091 [DEBUG] matplotlib.font_manager: findfont: score(FontEntry(fname='C:\\Windows\\Fonts\\SCHLBKB.TTF', name='Century Schoolbook', style='normal', variant='normal', weight=700, stretch='normal', size='scalable')) = 10.335
2026-04-21 10:53:19,091 [DEBUG] matplotlib.font_manager: findfont: score(FontEntry(fname='C:\\Windows\\Fonts\\l_10646.ttf', name='Lucida Sans Unicode', style='normal', variant='normal', weight=400, stretch='normal', size='scalable')) = 10.05
2026-04-21 10:53:19,091 [DEBUG] matplotlib.font_manager: findfont: score(FontEntry(fname='C:\\Windows\\Fonts\\calibrili.ttf', name='Calibri', style='italic', variant='normal', weight=300, stretch='normal', size='scalable')) = 11.145
2026-04-21 10:53:19,091 [DEBUG] matplotlib.font_manager: findfont: score(FontEntry(fname='C:\\Windows\\Fonts\\HTOWERTI.TTF', name='High Tower Text', style='italic', variant='normal', weight=400, stretch='normal', size='scalable')) = 11.05
2026-04-21 10:53:19,091 [DEBUG] matplotlib.font_manager: findfont: score(FontEntry(fname='C:\\Windows\\Fonts\\GOTHIC.TTF', name='Century Gothic', style='normal', variant='normal', weight=400, stretch='normal', size='scalable')) = 10.05
2026-04-21 10:53:19,091 [DEBUG] matplotlib.font_manager: findfont: score(FontEntry(fname='C:\\Windows\\Fonts\\ABCDiatypeExpanded-MediumItalic-Trial.otf', name='ABC Diatype Expanded Unlicensed Trial', style='italic', variant='normal', weight=500, stretch='expanded', size='scalable')) = 11.344999999999999
2026-04-21 10:53:19,091 [DEBUG] matplotlib.font_manager: findfont: score(FontEntry(fname='C:\\Windows\\Fonts\\GILC____.TTF', name='Gill Sans MT Condensed', style='normal', variant='normal', weight=400, stretch='condensed', size='scalable')) = 10.25
2026-04-21 10:53:19,091 [DEBUG] matplotlib.font_manager: findfont: score(FontEntry(fname='C:\\Windows\\Fonts\\malgunbd.ttf', name='Malgun Gothic', style='normal', variant='normal', weight=700, stretch='normal', size='scalable')) = 10.335
2026-04-21 10:53:19,091 [DEBUG] matplotlib.font_manager: findfont: score(FontEntry(fname='C:\\Windows\\Fonts\\CALIFB.TTF', name='Californian FB', style='normal', variant='normal', weight=700, stretch='normal', size='scalable')) = 10.335
2026-04-21 10:53:19,091 [DEBUG] matplotlib.font_manager: findfont: score(FontEntry(fname='C:\\Windows\\Fonts\\OCRAEXT.TTF', name='OCR A Extended', style='normal', variant='normal', weight=400, stretch='expanded', size='scalable')) = 10.25
2026-04-21 10:53:19,091 [DEBUG] matplotlib.font_manager: findfont: score(FontEntry(fname='C:\\Windows\\Fonts\\BOD_BLAI.TTF', name='Bodoni MT', style='italic', variant='normal', weight=900, stretch='normal', size='scalable')) = 11.525
2026-04-21 10:53:19,091 [DEBUG] matplotlib.font_manager: findfont: score(FontEntry(fname='C:\\Windows\\Fonts\\SCRIPTBL.TTF', name='Script MT Bold', style='normal', variant='normal', weight=700, stretch='normal', size='scalable')) = 10.335
2026-04-21 10:53:19,091 [DEBUG] matplotlib.font_manager: findfont: score(FontEntry(fname='C:\\Windows\\Fonts\\malgunsl.ttf', name='Malgun Gothic', style='normal', variant='normal', weight=300, stretch='normal', size='scalable')) = 10.145
2026-04-21 10:53:19,091 [DEBUG] matplotlib.font_manager: findfont: score(FontEntry(fname='C:\\Windows\\Fonts\\BRADHITC.TTF', name='Bradley Hand ITC', style='normal', variant='normal', weight=400, stretch='normal', size='scalable')) = 10.05
2026-04-21 10:53:19,091 [DEBUG] matplotlib.font_manager: findfont: score(FontEntry(fname='C:\\Windows\\Fonts\\ROCKB.TTF', name='Rockwell', style='normal', variant='normal', weight=700, stretch='normal', size='scalable')) = 10.335
2026-04-21 10:53:19,091 [DEBUG] matplotlib.font_manager: findfont: score(FontEntry(fname='C:\\Windows\\Fonts\\calibriz.ttf', name='Calibri', style='italic', variant='normal', weight=700, stretch='normal', size='scalable')) = 11.335
2026-04-21 10:53:19,091 [DEBUG] matplotlib.font_manager: findfont: score(FontEntry(fname='C:\\Users\\deank\\AppData\\Local\\Microsoft\\Windows\\Fonts\\Ubuntu-Light.ttf', name='Ubuntu', style='normal', variant='normal', weight=300, stretch='normal', size='scalable')) = 10.145
2026-04-21 10:53:19,091 [DEBUG] matplotlib.font_manager: findfont: score(FontEntry(fname='C:\\Windows\\Fonts\\ABCDiatypeSemi-Mono-HeavyItalic-Trial.otf', name='ABC Diatype Semi-Mono Unlicensed Trial', style='italic', variant='normal', weight=800, stretch='normal', size='scalable')) = 11.43
2026-04-21 10:53:19,091 [DEBUG] matplotlib.font_manager: findfont: score(FontEntry(fname='C:\\Windows\\Fonts\\ABCDiatypePlusVariable-Trial.ttf', name='ABC Diatype Plus Variable Unlicensed Trial', style='normal', variant='normal', weight=400, stretch='normal', size='scalable')) = 10.05
2026-04-21 10:53:19,091 [DEBUG] matplotlib.font_manager: findfont: score(FontEntry(fname='C:\\Windows\\Fonts\\cambria.ttc', name='Cambria', style='normal', variant='normal', weight=400, stretch='normal', size='scalable')) = 10.05
2026-04-21 10:53:19,091 [DEBUG] matplotlib.font_manager: findfont: score(FontEntry(fname='C:\\Windows\\Fonts\\calibri.ttf', name='Calibri', style='normal', variant='normal', weight=400, stretch='normal', size='scalable')) = 10.05
2026-04-21 10:53:19,091 [DEBUG] matplotlib.font_manager: findfont: score(FontEntry(fname='C:\\Windows\\Fonts\\IMPRISHA.TTF', name='Imprint MT Shadow', style='normal', variant='normal', weight=400, stretch='normal', size='scalable')) = 10.05
2026-04-21 10:53:19,091 [DEBUG] matplotlib.font_manager: findfont: score(FontEntry(fname='C:\\Windows\\Fonts\\gadugib.ttf', name='Gadugi', style='normal', variant='normal', weight=700, stretch='normal', size='scalable')) = 10.335
2026-04-21 10:53:19,091 [DEBUG] matplotlib.font_manager: findfont: score(FontEntry(fname='C:\\Windows\\Fonts\\ABCDiatypeMono-RegularItalic-Trial.otf', name='ABC Diatype Mono Unlicensed Trial', style='italic', variant='normal', weight=400, stretch='normal', size='scalable')) = 11.05
2026-04-21 10:53:19,091 [DEBUG] matplotlib.font_manager: findfont: score(FontEntry(fname='C:\\Windows\\Fonts\\LSANSDI.TTF', name='Lucida Sans', style='italic', variant='normal', weight=600, stretch='normal', size='scalable')) = 11.24
2026-04-21 10:53:19,091 [DEBUG] matplotlib.font_manager: findfont: score(FontEntry(fname='C:\\Windows\\Fonts\\wingding.ttf', name='Wingdings', style='normal', variant='normal', weight=400, stretch='normal', size='scalable')) = 10.05
2026-04-21 10:53:19,091 [DEBUG] matplotlib.font_manager: findfont: score(FontEntry(fname='C:\\Windows\\Fonts\\ABCDiatypeMono-BoldItalic-Trial.otf', name='ABC Diatype Mono Unlicensed Trial', style='italic', variant='normal', weight=700, stretch='normal', size='scalable')) = 11.335
2026-04-21 10:53:19,091 [DEBUG] matplotlib.font_manager: findfont: score(FontEntry(fname='C:\\Windows\\Fonts\\LSANS.TTF', name='Lucida Sans', style='normal', variant='normal', weight=400, stretch='normal', size='scalable')) = 10.05
2026-04-21 10:53:19,092 [DEBUG] matplotlib.font_manager: findfont: score(FontEntry(fname='C:\\Windows\\Fonts\\trebucbi.ttf', name='Trebuchet MS', style='italic', variant='normal', weight=700, stretch='normal', size='scalable')) = 11.335
2026-04-21 10:53:19,092 [DEBUG] matplotlib.font_manager: findfont: score(FontEntry(fname='C:\\Windows\\Fonts\\ABCDiatypeVariable-Trial.ttf', name='ABC Diatype Variable Unlicensed Trial', style='normal', variant='normal', weight=400, stretch='normal', size='scalable')) = 10.05
2026-04-21 10:53:19,092 [DEBUG] matplotlib.font_manager: findfont: score(FontEntry(fname='C:\\Windows\\Fonts\\framd.ttf', name='Franklin Gothic Medium', style='normal', variant='normal', weight=400, stretch='normal', size='scalable')) = 10.05
2026-04-21 10:53:19,092 [DEBUG] matplotlib.font_manager: findfont: score(FontEntry(fname='C:\\Windows\\Fonts\\ABCDiatypeExpanded-Bold-Trial.otf', name='ABC Diatype Expanded Unlicensed Trial', style='normal', variant='normal', weight=700, stretch='expanded', size='scalable')) = 10.535
2026-04-21 10:53:19,092 [DEBUG] matplotlib.font_manager: findfont: score(FontEntry(fname='C:\\Windows\\Fonts\\YuGothM.ttc', name='Yu Gothic', style='normal', variant='normal', weight=500, stretch='normal', size='scalable')) = 10.145
2026-04-21 10:53:19,092 [DEBUG] matplotlib.font_manager: findfont: score(FontEntry(fname='C:\\Windows\\Fonts\\VIVALDII.TTF', name='Vivaldi', style='italic', variant='normal', weight=400, stretch='normal', size='scalable')) = 11.05
2026-04-21 10:53:19,092 [DEBUG] matplotlib.font_manager: findfont: score(FontEntry(fname='C:\\Windows\\Fonts\\GOTHICI.TTF', name='Century Gothic', style='italic', variant='normal', weight=400, stretch='normal', size='scalable')) = 11.05
2026-04-21 10:53:19,092 [DEBUG] matplotlib.font_manager: findfont: score(FontEntry(fname='C:\\Windows\\Fonts\\BOD_CB.TTF', name='Bodoni MT', style='normal', variant='normal', weight=700, stretch='condensed', size='scalable')) = 10.535
2026-04-21 10:53:19,092 [DEBUG] matplotlib.font_manager: findfont: score(FontEntry(fname='C:\\Windows\\Fonts\\SNAP____.TTF', name='Snap ITC', style='normal', variant='normal', weight=400, stretch='normal', size='scalable')) = 10.05
2026-04-21 10:53:19,092 [DEBUG] matplotlib.font_manager: findfont: score(FontEntry(fname='C:\\Windows\\Fonts\\ABCDiatypeCompressed-MediumItalic-Trial.otf', name='ABC Diatype Compressed Unlicensed Trial', style='italic', variant='normal', weight=500, stretch='normal', size='scalable')) = 11.145
2026-04-21 10:53:19,092 [DEBUG] matplotlib.font_manager: findfont: score(FontEntry(fname='C:\\Windows\\Fonts\\verdanai.ttf', name='Verdana', style='italic', variant='normal', weight=400, stretch='normal', size='scalable')) = 4.6863636363636365
2026-04-21 10:53:19,092 [DEBUG] matplotlib.font_manager: findfont: score(FontEntry(fname='C:\\Users\\deank\\AppData\\Local\\Microsoft\\Windows\\Fonts\\Ubuntu-Regular.ttf', name='Ubuntu', style='normal', variant='normal', weight=400, stretch='normal', size='scalable')) = 10.05
2026-04-21 10:53:19,092 [DEBUG] matplotlib.font_manager: findfont: score(FontEntry(fname='C:\\Windows\\Fonts\\ABCDiatypeMono-Thin-Trial.otf', name='ABC Diatype Mono Unlicensed Trial', style='normal', variant='normal', weight=200, stretch='normal', size='scalable')) = 10.24
2026-04-21 10:53:19,092 [DEBUG] matplotlib.font_manager: findfont: score(FontEntry(fname='C:\\Windows\\Fonts\\ABCDiatypeSemi-Mono-BoldItalic-Trial.otf', name='ABC Diatype Semi-Mono Unlicensed Trial', style='italic', variant='normal', weight=700, stretch='normal', size='scalable')) = 11.335
2026-04-21 10:53:19,092 [DEBUG] matplotlib.font_manager: findfont: score(FontEntry(fname='C:\\Windows\\Fonts\\ROCKI.TTF', name='Rockwell', style='italic', variant='normal', weight=400, stretch='normal', size='scalable')) = 11.05
2026-04-21 10:53:19,092 [DEBUG] matplotlib.font_manager: findfont: score(FontEntry(fname='C:\\Windows\\Fonts\\GARAIT.TTF', name='Garamond', style='italic', variant='normal', weight=400, stretch='normal', size='scalable')) = 11.05
2026-04-21 10:53:19,092 [DEBUG] matplotlib.font_manager: findfont: score(FontEntry(fname='C:\\Windows\\Fonts\\DUBAI-LIGHT.TTF', name='Dubai', style='normal', variant='normal', weight=300, stretch='normal', size='scalable')) = 10.145
2026-04-21 10:53:19,092 [DEBUG] matplotlib.font_manager: findfont: score(FontEntry(fname='C:\\Windows\\Fonts\\segoeuib.ttf', name='Segoe UI', style='normal', variant='normal', weight=700, stretch='normal', size='scalable')) = 10.335
2026-04-21 10:53:19,092 [DEBUG] matplotlib.font_manager: findfont: score(FontEntry(fname='C:\\Windows\\Fonts\\SegoeWP-Semibold_0.ttf', name='Segoe WP Semibold', style='normal', variant='normal', weight=600, stretch='normal', size='scalable')) = 10.24
2026-04-21 10:53:19,092 [DEBUG] matplotlib.font_manager: findfont: score(FontEntry(fname='C:\\Windows\\Fonts\\ABCDiatypeExpanded-ThinItalic-Trial.otf', name='ABC Diatype Expanded Unlicensed Trial', style='italic', variant='normal', weight=200, stretch='expanded', size='scalable')) = 11.44
2026-04-21 10:53:19,092 [DEBUG] matplotlib.font_manager: findfont: score(FontEntry(fname='C:\\Windows\\Fonts\\ABCDiatype-MediumItalic-Trial.otf', name='ABC Diatype Unlicensed Trial', style='italic', variant='normal', weight=500, stretch='normal', size='scalable')) = 11.145
2026-04-21 10:53:19,092 [DEBUG] matplotlib.font_manager: findfont: score(FontEntry(fname='C:\\Windows\\Fonts\\ABCDiatypeSemi-Mono-Bold-Trial.otf', name='ABC Diatype Semi-Mono Unlicensed Trial', style='normal', variant='normal', weight=700, stretch='normal', size='scalable')) = 10.335
2026-04-21 10:53:19,092 [DEBUG] matplotlib.font_manager: findfont: score(FontEntry(fname='C:\\Windows\\Fonts\\framdit.ttf', name='Franklin Gothic Medium', style='italic', variant='normal', weight=400, stretch='normal', size='scalable')) = 11.05
2026-04-21 10:53:19,092 [DEBUG] matplotlib.font_manager: findfont: score(FontEntry(fname='C:\\Windows\\Fonts\\FRABK.TTF', name='Franklin Gothic Book', style='normal', variant='normal', weight=400, stretch='normal', size='scalable')) = 10.05
2026-04-21 10:53:19,092 [DEBUG] matplotlib.font_manager: findfont: score(FontEntry(fname='C:\\Windows\\Fonts\\NIAGSOL.TTF', name='Niagara Solid', style='normal', variant='normal', weight=400, stretch='normal', size='scalable')) = 10.05
2026-04-21 10:53:19,092 [DEBUG] matplotlib.font_manager: findfont: score(FontEntry(fname='C:\\Windows\\Fonts\\REFSAN.TTF', name='MS Reference Sans Serif', style='normal', variant='normal', weight=400, stretch='normal', size='scalable')) = 10.05
2026-04-21 10:53:19,092 [DEBUG] matplotlib.font_manager: findfont: score(FontEntry(fname='C:\\Windows\\Fonts\\HARLOWSI.TTF', name='Harlow Solid Italic', style='italic', variant='normal', weight=400, stretch='normal', size='scalable')) = 11.05
2026-04-21 10:53:19,092 [DEBUG] matplotlib.font_manager: findfont: score(FontEntry(fname='C:\\Windows\\Fonts\\consolaz.ttf', name='Consolas', style='italic', variant='normal', weight=700, stretch='normal', size='scalable')) = 11.335
2026-04-21 10:53:19,092 [DEBUG] matplotlib.font_manager: findfont: score(FontEntry(fname='C:\\Windows\\Fonts\\segoeuisl.ttf', name='Segoe UI', style='normal', variant='normal', weight=350, stretch='normal', size='scalable')) = 10.0975
2026-04-21 10:53:19,092 [DEBUG] matplotlib.font_manager: findfont: score(FontEntry(fname='C:\\Windows\\Fonts\\ALGER.TTF', name='Algerian', style='normal', variant='normal', weight=400, stretch='normal', size='scalable')) = 10.05
2026-04-21 10:53:19,092 [DEBUG] matplotlib.font_manager: findfont: score(FontEntry(fname='C:\\Windows\\Fonts\\CURLZ___.TTF', name='Curlz MT', style='normal', variant='normal', weight=400, stretch='normal', size='scalable')) = 10.05
2026-04-21 10:53:19,092 [DEBUG] matplotlib.font_manager: findfont: score(FontEntry(fname='C:\\Windows\\Fonts\\constanz.ttf', name='Constantia', style='italic', variant='normal', weight=700, stretch='normal', size='scalable')) = 11.335
2026-04-21 10:53:19,092 [DEBUG] matplotlib.font_manager: findfont: score(FontEntry(fname='C:\\Windows\\Fonts\\BRLNSR.TTF', name='Berlin Sans FB', style='normal', variant='normal', weight=400, stretch='normal', size='scalable')) = 10.05
2026-04-21 10:53:19,092 [DEBUG] matplotlib.font_manager: findfont: score(FontEntry(fname='C:\\Windows\\Fonts\\times.ttf', name='Times New Roman', style='normal', variant='normal', weight=400, stretch='normal', size='scalable')) = 10.05
2026-04-21 10:53:19,092 [DEBUG] matplotlib.font_manager: findfont: score(FontEntry(fname='C:\\Windows\\Fonts\\FTLTLT.TTF', name='Footlight MT Light', style='normal', variant='normal', weight=300, stretch='normal', size='scalable')) = 10.145
2026-04-21 10:53:19,092 [DEBUG] matplotlib.font_manager: findfont: score(FontEntry(fname='C:\\Windows\\Fonts\\trebuc.ttf', name='Trebuchet MS', style='normal', variant='normal', weight=400, stretch='normal', size='scalable')) = 10.05
2026-04-21 10:53:19,092 [DEBUG] matplotlib.font_manager: findfont: score(FontEntry(fname='C:\\Windows\\Fonts\\ABCDiatype-ThinItalic-Trial.otf', name='ABC Diatype Unlicensed Trial', style='italic', variant='normal', weight=200, stretch='normal', size='scalable')) = 11.24
2026-04-21 10:53:19,092 [DEBUG] matplotlib.font_manager: findfont: score(FontEntry(fname='C:\\Windows\\Fonts\\ABCDiatypeCompressed-LightItalic-Trial.otf', name='ABC Diatype Compressed Unlicensed Trial', style='italic', variant='normal', weight=300, stretch='normal', size='scalable')) = 11.145
2026-04-21 10:53:19,092 [DEBUG] matplotlib.font_manager: findfont: score(FontEntry(fname='C:\\Windows\\Fonts\\monbaiti.ttf', name='Mongolian Baiti', style='normal', variant='normal', weight=400, stretch='normal', size='scalable')) = 10.05
2026-04-21 10:53:19,092 [DEBUG] matplotlib.font_manager: findfont: score(FontEntry(fname='C:\\Windows\\Fonts\\ROCK.TTF', name='Rockwell', style='normal', variant='normal', weight=400, stretch='normal', size='scalable')) = 10.05
2026-04-21 10:53:19,093 [DEBUG] matplotlib.font_manager: findfont: score(FontEntry(fname='C:\\Windows\\Fonts\\GILBI___.TTF', name='Gill Sans MT', style='italic', variant='normal', weight=700, stretch='normal', size='scalable')) = 11.335
2026-04-21 10:53:19,093 [DEBUG] matplotlib.font_manager: findfont: score(FontEntry(fname='C:\\Windows\\Fonts\\KUNSTLER.TTF', name='Kunstler Script', style='normal', variant='normal', weight=400, stretch='normal', size='scalable')) = 10.05
2026-04-21 10:53:19,093 [DEBUG] matplotlib.font_manager: findfont: score(FontEntry(fname='C:\\Windows\\Fonts\\POORICH.TTF', name='Poor Richard', style='normal', variant='normal', weight=400, stretch='normal', size='scalable')) = 10.05
2026-04-21 10:53:19,093 [DEBUG] matplotlib.font_manager: findfont: score(FontEntry(fname='C:\\Windows\\Fonts\\PERBI___.TTF', name='Perpetua', style='italic', variant='normal', weight=700, stretch='normal', size='scalable')) = 11.335
2026-04-21 10:53:19,093 [DEBUG] matplotlib.font_manager: findfont: score(FontEntry(fname='C:\\Windows\\Fonts\\BOD_BLAR.TTF', name='Bodoni MT', style='normal', variant='normal', weight=900, stretch='normal', size='scalable')) = 10.525
2026-04-21 10:53:19,093 [DEBUG] matplotlib.font_manager: findfont: score(FontEntry(fname='C:\\Windows\\Fonts\\ABCDiatypeExpanded-Regular-Trial.otf', name='ABC Diatype Expanded Unlicensed Trial', style='normal', variant='normal', weight=400, stretch='expanded', size='scalable')) = 10.25
2026-04-21 10:53:19,093 [DEBUG] matplotlib.font_manager: findfont: score(FontEntry(fname='C:\\Windows\\Fonts\\ABCDiatypeCompressed-Regular-Trial.otf', name='ABC Diatype Compressed Unlicensed Trial', style='normal', variant='normal', weight=400, stretch='normal', size='scalable')) = 10.05
2026-04-21 10:53:19,093 [DEBUG] matplotlib.font_manager: findfont: score(FontEntry(fname='C:\\Users\\deank\\AppData\\Local\\Microsoft\\Windows\\Fonts\\Ubuntu-LightItalic.ttf', name='Ubuntu', style='italic', variant='normal', weight=300, stretch='normal', size='scalable')) = 11.145
2026-04-21 10:53:19,093 [DEBUG] matplotlib.font_manager: findfont: score(FontEntry(fname='C:\\Windows\\Fonts\\ABCDiatypeSemi-Mono-ThinItalic-Trial.otf', name='ABC Diatype Semi-Mono Unlicensed Trial', style='italic', variant='normal', weight=200, stretch='normal', size='scalable')) = 11.24
2026-04-21 10:53:19,093 [DEBUG] matplotlib.font_manager: findfont: score(FontEntry(fname='C:\\Windows\\Fonts\\BOD_CI.TTF', name='Bodoni MT', style='italic', variant='normal', weight=400, stretch='condensed', size='scalable')) = 11.25
2026-04-21 10:53:19,093 [DEBUG] matplotlib.font_manager: findfont: score(FontEntry(fname='C:\\Windows\\Fonts\\ARLRDBD.TTF', name='Arial Rounded MT Bold', style='normal', variant='normal', weight=400, stretch='normal', size='scalable')) = 10.05
2026-04-21 10:53:19,093 [DEBUG] matplotlib.font_manager: findfont: score(FontEntry(fname='C:\\Users\\deank\\AppData\\Local\\Microsoft\\Windows\\Fonts\\Ubuntu-Medium.ttf', name='Ubuntu', style='normal', variant='normal', weight=500, stretch='normal', size='scalable')) = 10.145
2026-04-21 10:53:19,093 [DEBUG] matplotlib.font_manager: findfont: score(FontEntry(fname='C:\\Windows\\Fonts\\FRADMCN.TTF', name='Franklin Gothic Demi Cond', style='normal', variant='normal', weight=400, stretch='condensed', size='scalable')) = 10.25
2026-04-21 10:53:19,093 [DEBUG] matplotlib.font_manager: findfont: score(FontEntry(fname='C:\\Windows\\Fonts\\cambriab.ttf', name='Cambria', style='normal', variant='normal', weight=700, stretch='normal', size='scalable')) = 10.335
2026-04-21 10:53:19,093 [DEBUG] matplotlib.font_manager: findfont: score(FontEntry(fname='C:\\Windows\\Fonts\\Candara.ttf', name='Candara', style='normal', variant='normal', weight=400, stretch='normal', size='scalable')) = 10.05
2026-04-21 10:53:19,093 [DEBUG] matplotlib.font_manager: findfont: score(FontEntry(fname='C:\\Windows\\Fonts\\trebucbd.ttf', name='Trebuchet MS', style='normal', variant='normal', weight=700, stretch='normal', size='scalable')) = 10.335
2026-04-21 10:53:19,093 [DEBUG] matplotlib.font_manager: findfont: score(FontEntry(fname='C:\\Windows\\Fonts\\WINGDNG3.TTF', name='Wingdings 3', style='normal', variant='normal', weight=400, stretch='normal', size='scalable')) = 10.05
2026-04-21 10:53:19,093 [DEBUG] matplotlib.font_manager: findfont: score(FontEntry(fname='C:\\Windows\\Fonts\\Candarali.ttf', name='Candara', style='italic', variant='normal', weight=400, stretch='normal', size='scalable')) = 11.05
2026-04-21 10:53:19,093 [DEBUG] matplotlib.font_manager: findfont: score(FontEntry(fname='C:\\Windows\\Fonts\\ariali.ttf', name='Arial', style='italic', variant='normal', weight=400, stretch='normal', size='scalable')) = 7.413636363636363
2026-04-21 10:53:19,093 [DEBUG] matplotlib.font_manager: findfont: score(FontEntry(fname='C:\\Windows\\Fonts\\mmrtextb.ttf', name='Myanmar Text', style='normal', variant='normal', weight=700, stretch='normal', size='scalable')) = 10.335
2026-04-21 10:53:19,093 [DEBUG] matplotlib.font_manager: findfont: score(FontEntry(fname='C:\\Windows\\Fonts\\ENGR.TTF', name='Engravers MT', style='normal', variant='normal', weight=500, stretch='normal', size='scalable')) = 10.145
2026-04-21 10:53:19,093 [DEBUG] matplotlib.font_manager: findfont: score(FontEntry(fname='C:\\Windows\\Fonts\\ABCDiatype-BlackItalic-Trial.otf', name='ABC Diatype Unlicensed Trial', style='italic', variant='normal', weight=900, stretch='normal', size='scalable')) = 11.525
2026-04-21 10:53:19,093 [DEBUG] matplotlib.font_manager: findfont: score(FontEntry(fname='C:\\Windows\\Fonts\\Inkfree.ttf', name='Ink Free', style='normal', variant='normal', weight=400, stretch='normal', size='scalable')) = 10.05
2026-04-21 10:53:19,093 [DEBUG] matplotlib.font_manager: findfont: score(FontEntry(fname='C:\\Windows\\Fonts\\seguihis.ttf', name='Segoe UI Historic', style='normal', variant='normal', weight=400, stretch='normal', size='scalable')) = 10.05
2026-04-21 10:53:19,093 [DEBUG] matplotlib.font_manager: findfont: score(FontEntry(fname='C:\\Windows\\Fonts\\MATURASC.TTF', name='Matura MT Script Capitals', style='normal', variant='normal', weight=400, stretch='normal', size='scalable')) = 10.05
2026-04-21 10:53:19,093 [DEBUG] matplotlib.font_manager: findfont: score(FontEntry(fname='C:\\Windows\\Fonts\\corbel.ttf', name='Corbel', style='normal', variant='normal', weight=400, stretch='normal', size='scalable')) = 10.05
2026-04-21 10:53:19,093 [DEBUG] matplotlib.font_manager: findfont: score(FontEntry(fname='C:\\Windows\\Fonts\\timesbi.ttf', name='Times New Roman', style='italic', variant='normal', weight=700, stretch='normal', size='scalable')) = 11.335
2026-04-21 10:53:19,093 [DEBUG] matplotlib.font_manager: findfont: score(FontEntry(fname='C:\\Windows\\Fonts\\Candaral.ttf', name='Candara', style='normal', variant='normal', weight=400, stretch='normal', size='scalable')) = 10.05
2026-04-21 10:53:19,093 [DEBUG] matplotlib.font_manager: findfont: score(FontEntry(fname='C:\\Windows\\Fonts\\segoeui.ttf', name='Segoe UI', style='normal', variant='normal', weight=400, stretch='normal', size='scalable')) = 10.05
2026-04-21 10:53:19,093 [DEBUG] matplotlib.font_manager: findfont: score(FontEntry(fname='C:\\Windows\\Fonts\\MTCORSVA.TTF', name='Monotype Corsiva', style='normal', variant='normal', weight=400, stretch='normal', size='scalable')) = 10.05
2026-04-21 10:53:19,093 [DEBUG] matplotlib.font_manager: findfont: score(FontEntry(fname='C:\\Windows\\Fonts\\GARA.TTF', name='Garamond', style='normal', variant='normal', weight=400, stretch='normal', size='scalable')) = 10.05
2026-04-21 10:53:19,093 [DEBUG] matplotlib.font_manager: findfont: score(FontEntry(fname='C:\\Windows\\Fonts\\ABCDiatype-Regular-Trial.otf', name='ABC Diatype Unlicensed Trial', style='normal', variant='normal', weight=400, stretch='normal', size='scalable')) = 10.05
2026-04-21 10:53:19,093 [DEBUG] matplotlib.font_manager: findfont: score(FontEntry(fname='C:\\Windows\\Fonts\\cambriai.ttf', name='Cambria', style='italic', variant='normal', weight=400, stretch='normal', size='scalable')) = 11.05
2026-04-21 10:53:19,093 [DEBUG] matplotlib.font_manager: findfont: score(FontEntry(fname='C:\\Windows\\Fonts\\BOD_I.TTF', name='Bodoni MT', style='italic', variant='normal', weight=400, stretch='normal', size='scalable')) = 11.05
2026-04-21 10:53:19,093 [DEBUG] matplotlib.font_manager: findfont: score(FontEntry(fname='C:\\Windows\\Fonts\\Poppins-Bold.ttf', name='Poppins', style='normal', variant='normal', weight=700, stretch='normal', size='scalable')) = 10.335
2026-04-21 10:53:19,093 [DEBUG] matplotlib.font_manager: findfont: score(FontEntry(fname='C:\\Windows\\Fonts\\MAGNETOB.TTF', name='Magneto', style='normal', variant='normal', weight=700, stretch='normal', size='scalable')) = 10.335
2026-04-21 10:53:19,093 [DEBUG] matplotlib.font_manager: findfont: score(FontEntry(fname='C:\\Windows\\Fonts\\palai.ttf', name='Palatino Linotype', style='italic', variant='normal', weight=400, stretch='normal', size='scalable')) = 11.05
2026-04-21 10:53:19,093 [DEBUG] matplotlib.font_manager: findfont: score(FontEntry(fname='C:\\Windows\\Fonts\\Inter-Regular.ttf', name='Inter', style='normal', variant='normal', weight=400, stretch='normal', size='scalable')) = 10.05
2026-04-21 10:53:19,093 [DEBUG] matplotlib.font_manager: findfont: score(FontEntry(fname='C:\\Windows\\Fonts\\comic.ttf', name='Comic Sans MS', style='normal', variant='normal', weight=400, stretch='normal', size='scalable')) = 10.05
2026-04-21 10:53:19,093 [DEBUG] matplotlib.font_manager: findfont: score(FontEntry(fname='C:\\Windows\\Fonts\\PERTIBD.TTF', name='Perpetua Titling MT', style='normal', variant='normal', weight=700, stretch='normal', size='scalable')) = 10.335
2026-04-21 10:53:19,094 [DEBUG] matplotlib.font_manager: findfont: score(FontEntry(fname='C:\\Windows\\Fonts\\BOD_R.TTF', name='Bodoni MT', style='normal', variant='normal', weight=400, stretch='normal', size='scalable')) = 10.05
2026-04-21 10:53:19,094 [DEBUG] matplotlib.font_manager: findfont: score(FontEntry(fname='C:\\Windows\\Fonts\\symbol.ttf', name='Symbol', style='normal', variant='normal', weight=400, stretch='normal', size='scalable')) = 10.05
2026-04-21 10:53:19,094 [DEBUG] matplotlib.font_manager: findfont: score(FontEntry(fname='C:\\Windows\\Fonts\\ntailub.ttf', name='Microsoft New Tai Lue', style='normal', variant='normal', weight=700, stretch='normal', size='scalable')) = 10.335
2026-04-21 10:53:19,094 [DEBUG] matplotlib.font_manager: findfont: score(FontEntry(fname='C:\\Windows\\Fonts\\ABCDiatypeExtended-LightItalic-Trial.otf', name='ABC Diatype Extended Unlicensed Trial', style='italic', variant='normal', weight=300, stretch='expanded', size='scalable')) = 11.344999999999999
2026-04-21 10:53:19,094 [DEBUG] matplotlib.font_manager: findfont: score(FontEntry(fname='C:\\Windows\\Fonts\\ebrimabd.ttf', name='Ebrima', style='normal', variant='normal', weight=700, stretch='normal', size='scalable')) = 10.335
2026-04-21 10:53:19,094 [DEBUG] matplotlib.font_manager: findfont: score(FontEntry(fname='C:\\Windows\\Fonts\\verdana.ttf', name='Verdana', style='normal', variant='normal', weight=400, stretch='normal', size='scalable')) = 3.6863636363636365
2026-04-21 10:53:19,094 [DEBUG] matplotlib.font_manager: findfont: score(FontEntry(fname='C:\\Users\\deank\\AppData\\Local\\Microsoft\\Windows\\Fonts\\abc-diatype-bold.otf', name='ABC Diatype', style='normal', variant='normal', weight=700, stretch='normal', size='scalable')) = 10.335
2026-04-21 10:53:19,094 [DEBUG] matplotlib.font_manager: findfont: score(FontEntry(fname='C:\\Windows\\Fonts\\BASKVILL.TTF', name='Baskerville Old Face', style='normal', variant='normal', weight=400, stretch='normal', size='scalable')) = 10.05
2026-04-21 10:53:19,094 [DEBUG] matplotlib.font_manager: findfont: score(FontEntry(fname='C:\\Windows\\Fonts\\ABCDiatypeExpanded-RegularItalic-Trial.otf', name='ABC Diatype Expanded Unlicensed Trial', style='italic', variant='normal', weight=400, stretch='expanded', size='scalable')) = 11.25
2026-04-21 10:53:19,094 [DEBUG] matplotlib.font_manager: findfont: score(FontEntry(fname='C:\\Windows\\Fonts\\msjh.ttc', name='Microsoft JhengHei', style='normal', variant='normal', weight=400, stretch='normal', size='scalable')) = 10.05
2026-04-21 10:53:19,094 [DEBUG] matplotlib.font_manager: findfont: score(FontEntry(fname='C:\\Windows\\Fonts\\CALISTBI.TTF', name='Calisto MT', style='italic', variant='normal', weight=700, stretch='normal', size='scalable')) = 11.335
2026-04-21 10:53:19,094 [DEBUG] matplotlib.font_manager: findfont: score(FontEntry(fname='C:\\Windows\\Fonts\\AGENCYB.TTF', name='Agency FB', style='normal', variant='normal', weight=700, stretch='normal', size='scalable')) = 10.335
2026-04-21 10:53:19,094 [DEBUG] matplotlib.font_manager: findfont: score(FontEntry(fname='C:\\Windows\\Fonts\\OUTLOOK.TTF', name='MS Outlook', style='normal', variant='normal', weight=400, stretch='normal', size='scalable')) = 10.05
2026-04-21 10:53:19,094 [DEBUG] matplotlib.font_manager: findfont: score(FontEntry(fname='C:\\Windows\\Fonts\\ABCDiatypeMono-Light-Trial.otf', name='ABC Diatype Mono Unlicensed Trial', style='normal', variant='normal', weight=300, stretch='normal', size='scalable')) = 10.145
2026-04-21 10:53:19,094 [DEBUG] matplotlib.font_manager: findfont: score(FontEntry(fname='C:\\Windows\\Fonts\\NIAGENG.TTF', name='Niagara Engraved', style='normal', variant='normal', weight=400, stretch='normal', size='scalable')) = 10.05
2026-04-21 10:53:19,094 [DEBUG] matplotlib.font_manager: findfont: score(FontEntry(fname='C:\\Windows\\Fonts\\Inter-Medium.ttf', name='Inter', style='normal', variant='normal', weight=500, stretch='normal', size='scalable')) = 10.145
2026-04-21 10:53:19,094 [DEBUG] matplotlib.font_manager: findfont: score(FontEntry(fname='C:\\Windows\\Fonts\\LFAX.TTF', name='Lucida Fax', style='normal', variant='normal', weight=400, stretch='normal', size='scalable')) = 10.05
2026-04-21 10:53:19,094 [DEBUG] matplotlib.font_manager: findfont: score(FontEntry(fname='C:\\Windows\\Fonts\\ABCDiatype-HeavyItalic-Trial.otf', name='ABC Diatype Unlicensed Trial', style='italic', variant='normal', weight=800, stretch='normal', size='scalable')) = 11.43
2026-04-21 10:53:19,094 [DEBUG] matplotlib.font_manager: findfont: score(FontEntry(fname='C:\\Windows\\Fonts\\BOD_PSTC.TTF', name='Bodoni MT', style='normal', variant='normal', weight=300, stretch='normal', size='scalable')) = 10.145
2026-04-21 10:53:19,094 [DEBUG] matplotlib.font_manager: findfont: score(FontEntry(fname='C:\\Windows\\Fonts\\STENCIL.TTF', name='Stencil', style='normal', variant='normal', weight=400, stretch='normal', size='scalable')) = 10.05
2026-04-21 10:53:19,094 [DEBUG] matplotlib.font_manager: findfont: score(FontEntry(fname='C:\\Windows\\Fonts\\BAUHS93.TTF', name='Bauhaus 93', style='normal', variant='normal', weight=400, stretch='normal', size='scalable')) = 10.05
2026-04-21 10:53:19,094 [DEBUG] matplotlib.font_manager: findfont: score(FontEntry(fname='C:\\Windows\\Fonts\\FORTE.TTF', name='Forte', style='normal', variant='normal', weight=400, stretch='normal', size='scalable')) = 10.05
2026-04-21 10:53:19,094 [DEBUG] matplotlib.font_manager: findfont: score(FontEntry(fname='C:\\Windows\\Fonts\\corbelli.ttf', name='Corbel', style='italic', variant='normal', weight=300, stretch='normal', size='scalable')) = 11.145
2026-04-21 10:53:19,094 [DEBUG] matplotlib.font_manager: findfont: score(FontEntry(fname='C:\\Windows\\Fonts\\BOD_B.TTF', name='Bodoni MT', style='normal', variant='normal', weight=700, stretch='normal', size='scalable')) = 10.335
2026-04-21 10:53:19,094 [DEBUG] matplotlib.font_manager: findfont: score(FontEntry(fname='C:\\Windows\\Fonts\\ABCDiatype-Heavy-Trial.otf', name='ABC Diatype Unlicensed Trial', style='normal', variant='normal', weight=800, stretch='normal', size='scalable')) = 10.43
2026-04-21 10:53:19,094 [DEBUG] matplotlib.font_manager: findfont: score(FontEntry(fname='C:\\Windows\\Fonts\\pala.ttf', name='Palatino Linotype', style='normal', variant='normal', weight=400, stretch='normal', size='scalable')) = 10.05
2026-04-21 10:53:19,094 [DEBUG] matplotlib.font_manager: findfont: score(FontEntry(fname='C:\\Windows\\Fonts\\ABCDiatypeMono-Medium-Trial.otf', name='ABC Diatype Mono Unlicensed Trial', style='normal', variant='normal', weight=500, stretch='normal', size='scalable')) = 10.145
2026-04-21 10:53:19,094 [DEBUG] matplotlib.font_manager: findfont: score(FontEntry(fname='C:\\Windows\\Fonts\\ABCDiatypeExtended-Regular-Trial.otf', name='ABC Diatype Extended Unlicensed Trial', style='normal', variant='normal', weight=400, stretch='expanded', size='scalable')) = 10.25
2026-04-21 10:53:19,094 [DEBUG] matplotlib.font_manager: findfont: score(FontEntry(fname='C:\\Windows\\Fonts\\BERNHC.TTF', name='Bernard MT Condensed', style='normal', variant='normal', weight=400, stretch='condensed', size='scalable')) = 10.25
2026-04-21 10:53:19,094 [DEBUG] matplotlib.font_manager: findfont: score(FontEntry(fname='C:\\Windows\\Fonts\\BRUSHSCI.TTF', name='Brush Script MT', style='italic', variant='normal', weight=400, stretch='normal', size='scalable')) = 11.05
2026-04-21 10:53:19,094 [DEBUG] matplotlib.font_manager: findfont: score(FontEntry(fname='C:\\Windows\\Fonts\\TCBI____.TTF', name='Tw Cen MT', style='italic', variant='normal', weight=700, stretch='normal', size='scalable')) = 11.335
2026-04-21 10:53:19,094 [DEBUG] matplotlib.font_manager: findfont: score(FontEntry(fname='C:\\Windows\\Fonts\\ABCDiatypeCompressed-RegularItalic-Trial.otf', name='ABC Diatype Compressed Unlicensed Trial', style='italic', variant='normal', weight=400, stretch='normal', size='scalable')) = 11.05
2026-04-21 10:53:19,094 [DEBUG] matplotlib.font_manager: findfont: score(FontEntry(fname='C:\\Windows\\Fonts\\consola.ttf', name='Consolas', style='normal', variant='normal', weight=400, stretch='normal', size='scalable')) = 10.05
2026-04-21 10:53:19,094 [DEBUG] matplotlib.font_manager: findfont: score(FontEntry(fname='C:\\Windows\\Fonts\\ABCDiatypeCompressed-Thin-Trial.otf', name='ABC Diatype Compressed Unlicensed Trial', style='normal', variant='normal', weight=200, stretch='normal', size='scalable')) = 10.24
2026-04-21 10:53:19,094 [DEBUG] matplotlib.font_manager: findfont: score(FontEntry(fname='C:\\Windows\\Fonts\\ABCDiatypeExtended-RegularItalic-Trial.otf', name='ABC Diatype Extended Unlicensed Trial', style='italic', variant='normal', weight=400, stretch='expanded', size='scalable')) = 11.25
2026-04-21 10:53:19,094 [DEBUG] matplotlib.font_manager: findfont: score(FontEntry(fname='C:\\Windows\\Fonts\\seguiemj.ttf', name='Segoe UI Emoji', style='normal', variant='normal', weight=400, stretch='normal', size='scalable')) = 10.05
2026-04-21 10:53:19,094 [DEBUG] matplotlib.font_manager: findfont: score(FontEntry(fname='C:\\Windows\\Fonts\\FRABKIT.TTF', name='Franklin Gothic Book', style='italic', variant='normal', weight=400, stretch='normal', size='scalable')) = 11.05
2026-04-21 10:53:19,094 [DEBUG] matplotlib.font_manager: findfont: score(FontEntry(fname='C:\\Windows\\Fonts\\ABCDiatype-LightItalic-Trial.otf', name='ABC Diatype Unlicensed Trial', style='italic', variant='normal', weight=300, stretch='normal', size='scalable')) = 11.145
2026-04-21 10:53:19,094 [DEBUG] matplotlib.font_manager: findfont: score(FontEntry(fname='C:\\Windows\\Fonts\\FREESCPT.TTF', name='Freestyle Script', style='normal', variant='normal', weight=400, stretch='normal', size='scalable')) = 10.05
2026-04-21 10:53:19,094 [DEBUG] matplotlib.font_manager: findfont: score(FontEntry(fname='C:\\Windows\\Fonts\\ABCDiatypeCompressed-BoldItalic-Trial.otf', name='ABC Diatype Compressed Unlicensed Trial', style='italic', variant='normal', weight=700, stretch='normal', size='scalable')) = 11.335
2026-04-21 10:53:19,095 [DEBUG] matplotlib.font_manager: findfont: score(FontEntry(fname='C:\\Windows\\Fonts\\taile.ttf', name='Microsoft Tai Le', style='normal', variant='normal', weight=400, stretch='normal', size='scalable')) = 10.05
2026-04-21 10:53:19,095 [DEBUG] matplotlib.font_manager: findfont: score(FontEntry(fname='C:\\Windows\\Fonts\\msyhl.ttc', name='Microsoft YaHei', style='normal', variant='normal', weight=290, stretch='normal', size='scalable')) = 10.1545
2026-04-21 10:53:19,095 [DEBUG] matplotlib.font_manager: findfont: score(FontEntry(fname='C:\\Windows\\Fonts\\ERASLGHT.TTF', name='Eras Light ITC', style='normal', variant='normal', weight=400, stretch='normal', size='scalable')) = 10.05
2026-04-21 10:53:19,095 [DEBUG] matplotlib.font_manager: findfont: score(FontEntry(fname='C:\\Windows\\Fonts\\ABCDiatypeMono-UltraItalic-Trial.otf', name='ABC Diatype Mono Unlicensed Trial', style='italic', variant='normal', weight=1000, stretch='normal', size='scalable')) = 11.62
2026-04-21 10:53:19,095 [DEBUG] matplotlib.font_manager: findfont: score(FontEntry(fname='C:\\Windows\\Fonts\\segoeuil.ttf', name='Segoe UI', style='normal', variant='normal', weight=300, stretch='normal', size='scalable')) = 10.145
2026-04-21 10:53:19,095 [DEBUG] matplotlib.font_manager: findfont: score(FontEntry(fname='C:\\Windows\\Fonts\\impact.ttf', name='Impact', style='normal', variant='normal', weight=400, stretch='normal', size='scalable')) = 10.05
2026-04-21 10:53:19,095 [DEBUG] matplotlib.font_manager: findfont: score(FontEntry(fname='C:\\Users\\deank\\AppData\\Local\\Microsoft\\Windows\\Fonts\\Ubuntu-MediumItalic.ttf', name='Ubuntu', style='italic', variant='normal', weight=500, stretch='normal', size='scalable')) = 11.145
2026-04-21 10:53:19,095 [DEBUG] matplotlib.font_manager: findfont: score(FontEntry(fname='C:\\Windows\\Fonts\\GILI____.TTF', name='Gill Sans MT', style='italic', variant='normal', weight=400, stretch='normal', size='scalable')) = 11.05
2026-04-21 10:53:19,095 [DEBUG] matplotlib.font_manager: findfont: score(FontEntry(fname='C:\\Windows\\Fonts\\constanb.ttf', name='Constantia', style='normal', variant='normal', weight=700, stretch='normal', size='scalable')) = 10.335
2026-04-21 10:53:19,095 [DEBUG] matplotlib.font_manager: findfont: score(FontEntry(fname='C:\\Windows\\Fonts\\FRADM.TTF', name='Franklin Gothic Demi', style='normal', variant='normal', weight=400, stretch='normal', size='scalable')) = 10.05
2026-04-21 10:53:19,095 [DEBUG] matplotlib.font_manager: findfont: score(FontEntry(fname='C:\\Windows\\Fonts\\LFAXD.TTF', name='Lucida Fax', style='normal', variant='normal', weight=600, stretch='normal', size='scalable')) = 10.24
2026-04-21 10:53:19,095 [DEBUG] matplotlib.font_manager: findfont: score(FontEntry(fname='C:\\Windows\\Fonts\\ARIALN.TTF', name='Arial', style='normal', variant='normal', weight=400, stretch='condensed', size='scalable')) = 6.613636363636363
2026-04-21 10:53:19,095 [DEBUG] matplotlib.font_manager: findfont: score(FontEntry(fname='C:\\Windows\\Fonts\\micross.ttf', name='Microsoft Sans Serif', style='normal', variant='normal', weight=400, stretch='normal', size='scalable')) = 10.05
2026-04-21 10:53:19,095 [DEBUG] matplotlib.font_manager: findfont: score(FontEntry(fname='C:\\Windows\\Fonts\\arial.ttf', name='Arial', style='normal', variant='normal', weight=400, stretch='normal', size='scalable')) = 6.413636363636363
2026-04-21 10:53:19,095 [DEBUG] matplotlib.font_manager: findfont: score(FontEntry(fname='C:\\Windows\\Fonts\\arialbi.ttf', name='Arial', style='italic', variant='normal', weight=700, stretch='normal', size='scalable')) = 7.698636363636363
2026-04-21 10:53:19,095 [DEBUG] matplotlib.font_manager: findfont: score(FontEntry(fname='C:\\Windows\\Fonts\\LSANSI.TTF', name='Lucida Sans', style='italic', variant='normal', weight=400, stretch='normal', size='scalable')) = 11.05
2026-04-21 10:53:19,095 [DEBUG] matplotlib.font_manager: findfont: score(FontEntry(fname='C:\\Windows\\Fonts\\LeelUIsl.ttf', name='Leelawadee UI', style='normal', variant='normal', weight=350, stretch='normal', size='scalable')) = 10.0975
2026-04-21 10:53:19,095 [DEBUG] matplotlib.font_manager: findfont: score(FontEntry(fname='C:\\Windows\\Fonts\\LTYPEO.TTF', name='Lucida Sans Typewriter', style='oblique', variant='normal', weight=400, stretch='normal', size='scalable')) = 11.05
2026-04-21 10:53:19,095 [DEBUG] matplotlib.font_manager: findfont: score(FontEntry(fname='C:\\Windows\\Fonts\\seguisym.ttf', name='Segoe UI Symbol', style='normal', variant='normal', weight=400, stretch='normal', size='scalable')) = 10.05
2026-04-21 10:53:19,095 [DEBUG] matplotlib.font_manager: findfont: score(FontEntry(fname='C:\\Windows\\Fonts\\SCHLBKBI.TTF', name='Century Schoolbook', style='italic', variant='normal', weight=700, stretch='normal', size='scalable')) = 11.335
2026-04-21 10:53:19,095 [DEBUG] matplotlib.font_manager: findfont: score(FontEntry(fname='C:\\Windows\\Fonts\\Candarab.ttf', name='Candara', style='normal', variant='normal', weight=700, stretch='normal', size='scalable')) = 10.335
2026-04-21 10:53:19,095 [DEBUG] matplotlib.font_manager: findfont: score(FontEntry(fname='C:\\Windows\\Fonts\\seguili.ttf', name='Segoe UI', style='italic', variant='normal', weight=300, stretch='normal', size='scalable')) = 11.145
2026-04-21 10:53:19,095 [DEBUG] matplotlib.font_manager: findfont: score(FontEntry(fname='C:\\Windows\\Fonts\\phagspa.ttf', name='Microsoft PhagsPa', style='normal', variant='normal', weight=400, stretch='normal', size='scalable')) = 10.05
2026-04-21 10:53:19,095 [DEBUG] matplotlib.font_manager: findfont: score(FontEntry(fname='C:\\Windows\\Fonts\\BOOKOS.TTF', name='Bookman Old Style', style='normal', variant='normal', weight=300, stretch='normal', size='scalable')) = 10.145
2026-04-21 10:53:19,095 [DEBUG] matplotlib.font_manager: findfont: score(FontEntry(fname='C:\\Windows\\Fonts\\ARIALNI.TTF', name='Arial', style='italic', variant='normal', weight=400, stretch='condensed', size='scalable')) = 7.613636363636363
2026-04-21 10:53:19,095 [DEBUG] matplotlib.font_manager: findfont: score(FontEntry(fname='C:\\Windows\\Fonts\\RAVIE.TTF', name='Ravie', style='normal', variant='normal', weight=400, stretch='normal', size='scalable')) = 10.05
2026-04-21 10:53:19,095 [DEBUG] matplotlib.font_manager: findfont: score(FontEntry(fname='C:\\Windows\\Fonts\\MISTRAL.TTF', name='Mistral', style='normal', variant='normal', weight=400, stretch='normal', size='scalable')) = 10.05
2026-04-21 10:53:19,095 [DEBUG] matplotlib.font_manager: findfont: score(FontEntry(fname='C:\\Windows\\Fonts\\ABCDiatypeCompressed-Light-Trial.otf', name='ABC Diatype Compressed Unlicensed Trial', style='normal', variant='normal', weight=300, stretch='normal', size='scalable')) = 10.145
2026-04-21 10:53:19,095 [DEBUG] matplotlib.font_manager: findfont: score(FontEntry(fname='C:\\Windows\\Fonts\\javatext.ttf', name='Javanese Text', style='normal', variant='normal', weight=400, stretch='normal', size='scalable')) = 10.05
2026-04-21 10:53:19,095 [DEBUG] matplotlib.font_manager: findfont: score(FontEntry(fname='C:\\Windows\\Fonts\\ABCDiatype-Light-Trial.otf', name='ABC Diatype Unlicensed Trial', style='normal', variant='normal', weight=300, stretch='normal', size='scalable')) = 10.145
2026-04-21 10:53:19,095 [DEBUG] matplotlib.font_manager: findfont: score(FontEntry(fname='C:\\Windows\\Fonts\\GOUDOSI.TTF', name='Goudy Old Style', style='italic', variant='normal', weight=400, stretch='normal', size='scalable')) = 11.05
2026-04-21 10:53:19,095 [DEBUG] matplotlib.font_manager: findfont: score(FontEntry(fname='C:\\Windows\\Fonts\\ITCEDSCR.TTF', name='Edwardian Script ITC', style='normal', variant='normal', weight=400, stretch='normal', size='scalable')) = 10.05
2026-04-21 10:53:19,095 [DEBUG] matplotlib.font_manager: findfont: score(FontEntry(fname='C:\\Windows\\Fonts\\corbell.ttf', name='Corbel', style='normal', variant='normal', weight=300, stretch='normal', size='scalable')) = 10.145
2026-04-21 10:53:19,095 [DEBUG] matplotlib.font_manager: findfont: score(FontEntry(fname='C:\\Windows\\Fonts\\ABCDiatypeMono-LightItalic-Trial.otf', name='ABC Diatype Mono Unlicensed Trial', style='italic', variant='normal', weight=300, stretch='normal', size='scalable')) = 11.145
2026-04-21 10:53:19,095 [DEBUG] matplotlib.font_manager: findfont: score(FontEntry(fname='C:\\Windows\\Fonts\\DUBAI-REGULAR.TTF', name='Dubai', style='normal', variant='normal', weight=400, stretch='normal', size='scalable')) = 10.05
2026-04-21 10:53:19,095 [DEBUG] matplotlib.font_manager: findfont: score(FontEntry(fname='C:\\Windows\\Fonts\\MOD20.TTF', name='Modern No. 20', style='normal', variant='normal', weight=400, stretch='normal', size='scalable')) = 10.05
2026-04-21 10:53:19,095 [DEBUG] matplotlib.font_manager: findfont: score(FontEntry(fname='C:\\Windows\\Fonts\\ABCDiatypeMono-Ultra-Trial.otf', name='ABC Diatype Mono Unlicensed Trial', style='normal', variant='normal', weight=1000, stretch='normal', size='scalable')) = 10.62
2026-04-21 10:53:19,095 [DEBUG] matplotlib.font_manager: findfont: score(FontEntry(fname='C:\\Windows\\Fonts\\ABCDiatypeCondensed-BoldItalic-Trial.otf', name='ABC Diatype Condensed Unlicensed Trial', style='italic', variant='normal', weight=700, stretch='condensed', size='scalable')) = 11.535
2026-04-21 10:53:19,095 [DEBUG] matplotlib.font_manager: findfont: score(FontEntry(fname='C:\\Windows\\Fonts\\ABCDiatypeSemi-MonoVariable-Trial.ttf', name='ABC Diatype Semi-Mono Variable Unlicensed Trial', style='normal', variant='normal', weight=400, stretch='normal', size='scalable')) = 10.05
2026-04-21 10:53:19,095 [DEBUG] matplotlib.font_manager: findfont: score(FontEntry(fname='C:\\Windows\\Fonts\\CHILLER.TTF', name='Chiller', style='normal', variant='normal', weight=400, stretch='normal', size='scalable')) = 10.05
2026-04-21 10:53:19,096 [DEBUG] matplotlib.font_manager: findfont: score(FontEntry(fname='C:\\Windows\\Fonts\\corbelb.ttf', name='Corbel', style='normal', variant='normal', weight=700, stretch='normal', size='scalable')) = 10.335
2026-04-21 10:53:19,096 [DEBUG] matplotlib.font_manager: findfont: score(FontEntry(fname='C:\\Windows\\Fonts\\SegUIVar.ttf', name='Segoe UI Variable', style='normal', variant='normal', weight=400, stretch='normal', size='scalable')) = 10.05
2026-04-21 10:53:19,096 [DEBUG] matplotlib.font_manager: findfont: score(FontEntry(fname='C:\\Windows\\Fonts\\ABCDiatypeCondensed-RegularItalic-Trial.otf', name='ABC Diatype Condensed Unlicensed Trial', style='italic', variant='normal', weight=400, stretch='condensed', size='scalable')) = 11.25
2026-04-21 10:53:19,096 [DEBUG] matplotlib.font_manager: findfont: score(FontEntry(fname='C:\\Windows\\Fonts\\ELEPHNT.TTF', name='Elephant', style='normal', variant='normal', weight=400, stretch='normal', size='scalable')) = 10.05
2026-04-21 10:53:19,096 [DEBUG] matplotlib.font_manager: findfont: score(FontEntry(fname='C:\\Windows\\Fonts\\cour.ttf', name='Courier New', style='normal', variant='normal', weight=400, stretch='normal', size='scalable')) = 10.05
2026-04-21 10:53:19,096 [DEBUG] matplotlib.font_manager: findfont: score(FontEntry(fname='C:\\Windows\\Fonts\\constan.ttf', name='Constantia', style='normal', variant='normal', weight=400, stretch='normal', size='scalable')) = 10.05
2026-04-21 10:53:19,096 [DEBUG] matplotlib.font_manager: findfont: score(FontEntry(fname='C:\\Windows\\Fonts\\msjhbd.ttc', name='Microsoft JhengHei', style='normal', variant='normal', weight=700, stretch='normal', size='scalable')) = 10.335
2026-04-21 10:53:19,096 [DEBUG] matplotlib.font_manager: findfont: score(FontEntry(fname='C:\\Windows\\Fonts\\GILSANUB.TTF', name='Gill Sans Ultra Bold', style='normal', variant='normal', weight=400, stretch='normal', size='scalable')) = 10.05
2026-04-21 10:53:19,096 [DEBUG] matplotlib.font_manager: findfont: score(FontEntry(fname='C:\\Windows\\Fonts\\ARIALNB.TTF', name='Arial', style='normal', variant='normal', weight=700, stretch='condensed', size='scalable')) = 6.8986363636363635
2026-04-21 10:53:19,096 [DEBUG] matplotlib.font_manager: findfont: score(FontEntry(fname='C:\\Windows\\Fonts\\BKANT.TTF', name='Book Antiqua', style='normal', variant='normal', weight=400, stretch='normal', size='scalable')) = 10.05
2026-04-21 10:53:19,096 [DEBUG] matplotlib.font_manager: findfont: score(FontEntry(fname='C:\\Windows\\Fonts\\SegoeWP-Light_0.ttf', name='Segoe WP Light', style='normal', variant='normal', weight=300, stretch='normal', size='scalable')) = 10.145
2026-04-21 10:53:19,096 [DEBUG] matplotlib.font_manager: findfont: score(FontEntry(fname='C:\\Windows\\Fonts\\VINERITC.TTF', name='Viner Hand ITC', style='normal', variant='normal', weight=400, stretch='normal', size='scalable')) = 10.05
2026-04-21 10:53:19,096 [DEBUG] matplotlib.font_manager: findfont: score(FontEntry(fname='C:\\Windows\\Fonts\\PRISTINA.TTF', name='Pristina', style='normal', variant='normal', weight=400, stretch='normal', size='scalable')) = 10.05
2026-04-21 10:53:19,096 [DEBUG] matplotlib.font_manager: findfont: score(FontEntry(fname='C:\\Windows\\Fonts\\PER_____.TTF', name='Perpetua', style='normal', variant='normal', weight=400, stretch='normal', size='scalable')) = 10.05
2026-04-21 10:53:19,096 [DEBUG] matplotlib.font_manager: findfont: score(FontEntry(fname='C:\\Windows\\Fonts\\segoeuiz.ttf', name='Segoe UI', style='italic', variant='normal', weight=700, stretch='normal', size='scalable')) = 11.335
2026-04-21 10:53:19,096 [DEBUG] matplotlib.font_manager: findfont: score(FontEntry(fname='C:\\Windows\\Fonts\\ERASDEMI.TTF', name='Eras Demi ITC', style='normal', variant='normal', weight=400, stretch='normal', size='scalable')) = 10.05
2026-04-21 10:53:19,096 [DEBUG] matplotlib.font_manager: findfont: score(FontEntry(fname='C:\\Windows\\Fonts\\SansSerifCollection.ttf', name='Sans Serif Collection', style='normal', variant='normal', weight=400, stretch='normal', size='scalable')) = 10.05
2026-04-21 10:53:19,096 [DEBUG] matplotlib.font_manager: findfont: score(FontEntry(fname='C:\\Windows\\Fonts\\gadugi.ttf', name='Gadugi', style='normal', variant='normal', weight=400, stretch='normal', size='scalable')) = 10.05
2026-04-21 10:53:19,096 [DEBUG] matplotlib.font_manager: findfont: score(FontEntry(fname='C:\\Windows\\Fonts\\LATINWD.TTF', name='Wide Latin', style='normal', variant='normal', weight=400, stretch='expanded', size='scalable')) = 10.25
2026-04-21 10:53:19,096 [DEBUG] matplotlib.font_manager: findfont: score(FontEntry(fname='C:\\Windows\\Fonts\\malgun.ttf', name='Malgun Gothic', style='normal', variant='normal', weight=400, stretch='normal', size='scalable')) = 10.05
2026-04-21 10:53:19,096 [DEBUG] matplotlib.font_manager: findfont: score(FontEntry(fname='C:\\Windows\\Fonts\\ABCDiatypeSemi-Mono-Regular-Trial.otf', name='ABC Diatype Semi-Mono Unlicensed Trial', style='normal', variant='normal', weight=400, stretch='normal', size='scalable')) = 10.05
2026-04-21 10:53:19,096 [DEBUG] matplotlib.font_manager: findfont: score(FontEntry(fname='C:\\Windows\\Fonts\\ABCDiatypeExpanded-Medium-Trial.otf', name='ABC Diatype Expanded Unlicensed Trial', style='normal', variant='normal', weight=500, stretch='expanded', size='scalable')) = 10.344999999999999
2026-04-21 10:53:19,096 [DEBUG] matplotlib.font_manager: findfont: score(FontEntry(fname='C:\\Windows\\Fonts\\ntailu.ttf', name='Microsoft New Tai Lue', style='normal', variant='normal', weight=400, stretch='normal', size='scalable')) = 10.05
2026-04-21 10:53:19,096 [DEBUG] matplotlib.font_manager: findfont: score(FontEntry(fname='C:\\Windows\\Fonts\\ANTQUAI.TTF', name='Book Antiqua', style='italic', variant='normal', weight=400, stretch='normal', size='scalable')) = 11.05
2026-04-21 10:53:19,096 [DEBUG] matplotlib.font_manager: findfont: score(FontEntry(fname='C:\\Windows\\Fonts\\LCALLIG.TTF', name='Lucida Calligraphy', style='italic', variant='normal', weight=400, stretch='normal', size='scalable')) = 11.05
2026-04-21 10:53:19,096 [DEBUG] matplotlib.font_manager: findfont: score(FontEntry(fname='C:\\Windows\\Fonts\\TCM_____.TTF', name='Tw Cen MT', style='normal', variant='normal', weight=400, stretch='normal', size='scalable')) = 10.05
2026-04-21 10:53:19,096 [DEBUG] matplotlib.font_manager: findfont: score(FontEntry(fname='C:\\Windows\\Fonts\\ABCDiatypeSemi-Mono-Black-Trial.otf', name='ABC Diatype Semi-Mono Unlicensed Trial', style='normal', variant='normal', weight=900, stretch='normal', size='scalable')) = 10.525
2026-04-21 10:53:19,096 [DEBUG] matplotlib.font_manager: findfont: score(FontEntry(fname='C:\\Windows\\Fonts\\SimsunExtG.ttf', name='SimSun-ExtG', style='normal', variant='normal', weight=400, stretch='normal', size='scalable')) = 10.05
2026-04-21 10:53:19,096 [DEBUG] matplotlib.font_manager: findfont: score(FontEntry(fname='C:\\Windows\\Fonts\\MAIAN.TTF', name='Maiandra GD', style='normal', variant='normal', weight=400, stretch='normal', size='scalable')) = 10.05
2026-04-21 10:53:19,096 [DEBUG] matplotlib.font_manager: findfont: score(FontEntry(fname='C:\\Windows\\Fonts\\ABCDiatypeExtended-ThinItalic-Trial.otf', name='ABC Diatype Extended Unlicensed Trial', style='italic', variant='normal', weight=200, stretch='expanded', size='scalable')) = 11.44
2026-04-21 10:53:19,096 [DEBUG] matplotlib.font_manager: findfont: score(FontEntry(fname='C:\\Windows\\Fonts\\CALIFR.TTF', name='Californian FB', style='normal', variant='normal', weight=400, stretch='normal', size='scalable')) = 10.05
2026-04-21 10:53:19,096 [DEBUG] matplotlib.font_manager: findfont: score(FontEntry(fname='C:\\Windows\\Fonts\\ABCDiatypeSemi-Mono-Heavy-Trial.otf', name='ABC Diatype Semi-Mono Unlicensed Trial', style='normal', variant='normal', weight=800, stretch='normal', size='scalable')) = 10.43
2026-04-21 10:53:19,096 [DEBUG] matplotlib.font_manager: findfont: score(FontEntry(fname='C:\\Windows\\Fonts\\ROCKBI.TTF', name='Rockwell', style='italic', variant='normal', weight=700, stretch='normal', size='scalable')) = 11.335
2026-04-21 10:53:19,096 [DEBUG] matplotlib.font_manager: findfont: score(FontEntry(fname='C:\\Windows\\Fonts\\COLONNA.TTF', name='Colonna MT', style='normal', variant='normal', weight=400, stretch='normal', size='scalable')) = 10.05
2026-04-21 10:53:19,096 [DEBUG] matplotlib.font_manager: findfont: score(FontEntry(fname='C:\\Windows\\Fonts\\GLSNECB.TTF', name='Gill Sans MT Ext Condensed Bold', style='normal', variant='normal', weight=400, stretch='condensed', size='scalable')) = 10.25
2026-04-21 10:53:19,096 [DEBUG] matplotlib.font_manager: findfont: score(FontEntry(fname='C:\\Windows\\Fonts\\Poppins-Light.ttf', name='Poppins', style='normal', variant='normal', weight=300, stretch='normal', size='scalable')) = 10.145
2026-04-21 10:53:19,096 [DEBUG] matplotlib.font_manager: findfont: score(FontEntry(fname='C:\\Windows\\Fonts\\ROCC____.TTF', name='Rockwell Condensed', style='normal', variant='normal', weight=400, stretch='condensed', size='scalable')) = 10.25
2026-04-21 10:53:19,096 [DEBUG] matplotlib.font_manager: findfont: score(FontEntry(fname='C:\\Windows\\Fonts\\ABCDiatype-Medium-Trial.otf', name='ABC Diatype Unlicensed Trial', style='normal', variant='normal', weight=500, stretch='normal', size='scalable')) = 10.145
2026-04-21 10:53:19,096 [DEBUG] matplotlib.font_manager: findfont: score(FontEntry(fname='C:\\Windows\\Fonts\\RAGE.TTF', name='Rage Italic', style='italic', variant='normal', weight=400, stretch='normal', size='scalable')) = 11.05
2026-04-21 10:53:19,096 [DEBUG] matplotlib.font_manager: findfont: score(FontEntry(fname='C:\\Windows\\Fonts\\ARIALNBI.TTF', name='Arial', style='italic', variant='normal', weight=700, stretch='condensed', size='scalable')) = 7.8986363636363635
2026-04-21 10:53:19,096 [DEBUG] matplotlib.font_manager: findfont: score(FontEntry(fname='C:\\Windows\\Fonts\\TCB_____.TTF', name='Tw Cen MT', style='normal', variant='normal', weight=700, stretch='normal', size='scalable')) = 10.335
2026-04-21 10:53:19,097 [DEBUG] matplotlib.font_manager: findfont: score(FontEntry(fname='C:\\Windows\\Fonts\\GILLUBCD.TTF', name='Gill Sans Ultra Bold Condensed', style='normal', variant='normal', weight=400, stretch='condensed', size='scalable')) = 10.25
2026-04-21 10:53:19,097 [DEBUG] matplotlib.font_manager: findfont: score(FontEntry(fname='C:\\Windows\\Fonts\\BELLI.TTF', name='Bell MT', style='italic', variant='normal', weight=400, stretch='normal', size='scalable')) = 11.05
2026-04-21 10:53:19,097 [DEBUG] matplotlib.font_manager: findfont: score(FontEntry(fname='C:\\Windows\\Fonts\\corbeli.ttf', name='Corbel', style='italic', variant='normal', weight=400, stretch='normal', size='scalable')) = 11.05
2026-04-21 10:53:19,097 [DEBUG] matplotlib.font_manager: findfont: score(FontEntry(fname='C:\\Windows\\Fonts\\ABCDiatypeMonoVariable-Trial.ttf', name='ABC Diatype Mono Variable Unlicensed Trial', style='normal', variant='normal', weight=400, stretch='normal', size='scalable')) = 10.05
2026-04-21 10:53:19,097 [DEBUG] matplotlib.font_manager: findfont: score(FontEntry(fname='C:\\Windows\\Fonts\\HTOWERT.TTF', name='High Tower Text', style='normal', variant='normal', weight=400, stretch='normal', size='scalable')) = 10.05
2026-04-21 10:53:19,097 [DEBUG] matplotlib.font_manager: findfont: score(FontEntry(fname='C:\\Windows\\Fonts\\REFSPCL.TTF', name='MS Reference Specialty', style='normal', variant='normal', weight=400, stretch='normal', size='scalable')) = 10.05
2026-04-21 10:53:19,097 [DEBUG] matplotlib.font_manager: findfont: score(FontEntry(fname='C:\\Windows\\Fonts\\ABCDiatypeExpanded-Light-Trial.otf', name='ABC Diatype Expanded Unlicensed Trial', style='normal', variant='normal', weight=300, stretch='expanded', size='scalable')) = 10.344999999999999
2026-04-21 10:53:19,097 [DEBUG] matplotlib.font_manager: findfont: score(FontEntry(fname='C:\\Windows\\Fonts\\ABCDiatypeSemi-Mono-Ultra-Trial.otf', name='ABC Diatype Semi-Mono Unlicensed Trial', style='normal', variant='normal', weight=1000, stretch='normal', size='scalable')) = 10.62
2026-04-21 10:53:19,097 [DEBUG] matplotlib.font_manager: findfont: score(FontEntry(fname='C:\\Windows\\Fonts\\sylfaen.ttf', name='Sylfaen', style='normal', variant='normal', weight=400, stretch='normal', size='scalable')) = 10.05
2026-04-21 10:53:19,097 [DEBUG] matplotlib.font_manager: findfont: score(FontEntry(fname='C:\\Windows\\Fonts\\msyi.ttf', name='Microsoft Yi Baiti', style='normal', variant='normal', weight=400, stretch='normal', size='scalable')) = 10.05
2026-04-21 10:53:19,097 [DEBUG] matplotlib.font_manager: findfont: score(FontEntry(fname='C:\\Windows\\Fonts\\courbi.ttf', name='Courier New', style='italic', variant='normal', weight=700, stretch='normal', size='scalable')) = 11.335
2026-04-21 10:53:19,097 [DEBUG] matplotlib.font_manager: findfont: score(FontEntry(fname='C:\\Windows\\Fonts\\ABCDiatype-UltraItalic-Trial.otf', name='ABC Diatype Unlicensed Trial', style='italic', variant='normal', weight=1000, stretch='normal', size='scalable')) = 11.62
2026-04-21 10:53:19,097 [DEBUG] matplotlib.font_manager: findfont: score(FontEntry(fname='C:\\Windows\\Fonts\\cambriaz.ttf', name='Cambria', style='italic', variant='normal', weight=700, stretch='normal', size='scalable')) = 11.335
2026-04-21 10:53:19,097 [DEBUG] matplotlib.font_manager: findfont: score(FontEntry(fname='C:\\Windows\\Fonts\\seguisb.ttf', name='Segoe UI', style='normal', variant='normal', weight=600, stretch='normal', size='scalable')) = 10.24
2026-04-21 10:53:19,097 [DEBUG] matplotlib.font_manager: findfont: score(FontEntry(fname='C:\\Windows\\Fonts\\BSSYM7.TTF', name='Bookshelf Symbol 7', style='normal', variant='normal', weight=400, stretch='normal', size='scalable')) = 10.05
2026-04-21 10:53:19,097 [DEBUG] matplotlib.font_manager: findfont: score(FontEntry(fname='C:\\Windows\\Fonts\\msyh.ttc', name='Microsoft YaHei', style='normal', variant='normal', weight=400, stretch='normal', size='scalable')) = 10.05
2026-04-21 10:53:19,097 [DEBUG] matplotlib.font_manager: findfont: score(FontEntry(fname='C:\\Windows\\Fonts\\ABCDiatypeCondensed-Regular-Trial.otf', name='ABC Diatype Condensed Unlicensed Trial', style='normal', variant='normal', weight=400, stretch='condensed', size='scalable')) = 10.25
2026-04-21 10:53:19,097 [DEBUG] matplotlib.font_manager: findfont: score(FontEntry(fname='C:\\Windows\\Fonts\\verdanaz.ttf', name='Verdana', style='italic', variant='normal', weight=700, stretch='normal', size='scalable')) = 4.971363636363637
2026-04-21 10:53:19,097 [DEBUG] matplotlib.font_manager: findfont: score(FontEntry(fname='C:\\Windows\\Fonts\\LeelaUIb.ttf', name='Leelawadee UI', style='normal', variant='normal', weight=700, stretch='normal', size='scalable')) = 10.335
2026-04-21 10:53:19,097 [DEBUG] matplotlib.font_manager: findfont: score(FontEntry(fname='C:\\Windows\\Fonts\\GIL_____.TTF', name='Gill Sans MT', style='normal', variant='normal', weight=400, stretch='normal', size='scalable')) = 10.05
2026-04-21 10:53:19,097 [DEBUG] matplotlib.font_manager: findfont: score(FontEntry(fname='C:\\Windows\\Fonts\\PARCHM.TTF', name='Parchment', style='normal', variant='normal', weight=400, stretch='normal', size='scalable')) = 10.05
2026-04-21 10:53:19,097 [DEBUG] matplotlib.font_manager: findfont: score(FontEntry(fname='C:\\Windows\\Fonts\\ABCDiatype-RegularItalic-Trial.otf', name='ABC Diatype Unlicensed Trial', style='italic', variant='normal', weight=400, stretch='normal', size='scalable')) = 11.05
2026-04-21 10:53:19,097 [DEBUG] matplotlib.font_manager: findfont: score(FontEntry(fname='C:\\Windows\\Fonts\\BELLB.TTF', name='Bell MT', style='normal', variant='normal', weight=700, stretch='normal', size='scalable')) = 10.335
2026-04-21 10:53:19,097 [DEBUG] matplotlib.font_manager: findfont: score(FontEntry(fname='C:\\Windows\\Fonts\\ABCDiatypeCondensed-LightItalic-Trial.otf', name='ABC Diatype Condensed Unlicensed Trial', style='italic', variant='normal', weight=300, stretch='condensed', size='scalable')) = 11.344999999999999
2026-04-21 10:53:19,097 [DEBUG] matplotlib.font_manager: findfont: score(FontEntry(fname='C:\\Windows\\Fonts\\LBRITEI.TTF', name='Lucida Bright', style='italic', variant='normal', weight=400, stretch='normal', size='scalable')) = 11.05
2026-04-21 10:53:19,097 [DEBUG] matplotlib.font_manager: findfont: score(FontEntry(fname='C:\\Windows\\Fonts\\BOOKOSB.TTF', name='Bookman Old Style', style='normal', variant='normal', weight=600, stretch='normal', size='scalable')) = 10.24
2026-04-21 10:53:19,097 [DEBUG] matplotlib.font_manager: findfont: score(FontEntry(fname='C:\\Windows\\Fonts\\corbelz.ttf', name='Corbel', style='italic', variant='normal', weight=700, stretch='normal', size='scalable')) = 11.335
2026-04-21 10:53:19,097 [DEBUG] matplotlib.font_manager: findfont: score(FontEntry(fname='C:\\Windows\\Fonts\\SegoeWP-Black_0.ttf', name='Segoe WP Black', style='normal', variant='normal', weight=800, stretch='normal', size='scalable')) = 10.43
2026-04-21 10:53:19,097 [DEBUG] matplotlib.font_manager: findfont: score(FontEntry(fname='C:\\Windows\\Fonts\\ABCDiatype-Ultra-Trial.otf', name='ABC Diatype Unlicensed Trial', style='normal', variant='normal', weight=1000, stretch='normal', size='scalable')) = 10.62
2026-04-21 10:53:19,097 [DEBUG] matplotlib.font_manager: findfont: score(FontEntry(fname='C:\\Windows\\Fonts\\GOTHICBI.TTF', name='Century Gothic', style='italic', variant='normal', weight=700, stretch='normal', size='scalable')) = 11.335
2026-04-21 10:53:19,097 [DEBUG] matplotlib.font_manager: findfont: score(FontEntry(fname='C:\\Windows\\Fonts\\BRITANIC.TTF', name='Britannic Bold', style='normal', variant='normal', weight=400, stretch='normal', size='scalable')) = 10.05
2026-04-21 10:53:19,097 [DEBUG] matplotlib.font_manager: findfont: score(FontEntry(fname='C:\\Windows\\Fonts\\ABCDiatypeSemi-Mono-RegularItalic-Trial.otf', name='ABC Diatype Semi-Mono Unlicensed Trial', style='italic', variant='normal', weight=400, stretch='normal', size='scalable')) = 11.05
2026-04-21 10:53:19,097 [DEBUG] matplotlib.font_manager: findfont: score(FontEntry(fname='C:\\Windows\\Fonts\\ABCDiatypeMono-Black-Trial.otf', name='ABC Diatype Mono Unlicensed Trial', style='normal', variant='normal', weight=900, stretch='normal', size='scalable')) = 10.525
2026-04-21 10:53:19,097 [DEBUG] matplotlib.font_manager: findfont: score(FontEntry(fname='C:\\Windows\\Fonts\\BOOKOSBI.TTF', name='Bookman Old Style', style='italic', variant='normal', weight=600, stretch='normal', size='scalable')) = 11.24
2026-04-21 10:53:19,097 [DEBUG] matplotlib.font_manager: findfont: score(FontEntry(fname='C:\\Windows\\Fonts\\LSANSD.TTF', name='Lucida Sans', style='normal', variant='normal', weight=600, stretch='normal', size='scalable')) = 10.24
2026-04-21 10:53:19,097 [DEBUG] matplotlib.font_manager: findfont: score(FontEntry(fname='C:\\Windows\\Fonts\\msyhbd.ttc', name='Microsoft YaHei', style='normal', variant='normal', weight=700, stretch='normal', size='scalable')) = 10.335
2026-04-21 10:53:19,097 [DEBUG] matplotlib.font_manager: findfont: score(FontEntry(fname='C:\\Windows\\Fonts\\ebrima.ttf', name='Ebrima', style='normal', variant='normal', weight=400, stretch='normal', size='scalable')) = 10.05
2026-04-21 10:53:19,097 [DEBUG] matplotlib.font_manager: findfont: score(FontEntry(fname='C:\\Windows\\Fonts\\ABCDiatypeExpanded-LightItalic-Trial.otf', name='ABC Diatype Expanded Unlicensed Trial', style='italic', variant='normal', weight=300, stretch='expanded', size='scalable')) = 11.344999999999999
2026-04-21 10:53:19,097 [DEBUG] matplotlib.font_manager: findfont: score(FontEntry(fname='C:\\Windows\\Fonts\\verdanab.ttf', name='Verdana', style='normal', variant='normal', weight=700, stretch='normal', size='scalable')) = 3.9713636363636367
2026-04-21 10:53:19,098 [DEBUG] matplotlib.font_manager: findfont: score(FontEntry(fname='C:\\Windows\\Fonts\\ABCDiatypeMono-MediumItalic-Trial.otf', name='ABC Diatype Mono Unlicensed Trial', style='italic', variant='normal', weight=500, stretch='normal', size='scalable')) = 11.145
2026-04-21 10:53:19,098 [DEBUG] matplotlib.font_manager: findfont: score(FontEntry(fname='C:\\Windows\\Fonts\\COPRGTB.TTF', name='Copperplate Gothic Bold', style='normal', variant='normal', weight=400, stretch='normal', size='scalable')) = 10.05
2026-04-21 10:53:19,098 [DEBUG] matplotlib.font_manager: findfont: score(FontEntry(fname='C:\\Windows\\Fonts\\ABCDiatypeMono-ThinItalic-Trial.otf', name='ABC Diatype Mono Unlicensed Trial', style='italic', variant='normal', weight=200, stretch='normal', size='scalable')) = 11.24
2026-04-21 10:53:19,098 [DEBUG] matplotlib.font_manager: findfont: score(FontEntry(fname='C:\\Windows\\Fonts\\comicz.ttf', name='Comic Sans MS', style='italic', variant='normal', weight=700, stretch='normal', size='scalable')) = 11.335
2026-04-21 10:53:19,098 [DEBUG] matplotlib.font_manager: findfont: score(FontEntry(fname='C:\\Windows\\Fonts\\BRLNSDB.TTF', name='Berlin Sans FB Demi', style='normal', variant='normal', weight=700, stretch='normal', size='scalable')) = 10.335
2026-04-21 10:53:19,098 [DEBUG] matplotlib.font_manager: findfont: score(FontEntry(fname='C:\\Windows\\Fonts\\ABCDiatypeSemi-Mono-LightItalic-Trial.otf', name='ABC Diatype Semi-Mono Unlicensed Trial', style='italic', variant='normal', weight=300, stretch='normal', size='scalable')) = 11.145
2026-04-21 10:53:19,098 [DEBUG] matplotlib.font_manager: findfont: score(FontEntry(fname='C:\\Windows\\Fonts\\FRSCRIPT.TTF', name='French Script MT', style='normal', variant='normal', weight=400, stretch='normal', size='scalable')) = 10.05
2026-04-21 10:53:19,098 [DEBUG] matplotlib.font_manager: findfont: score(FontEntry(fname='C:\\Windows\\Fonts\\mingliub.ttc', name='MingLiU-ExtB', style='normal', variant='normal', weight=400, stretch='normal', size='scalable')) = 10.05
2026-04-21 10:53:19,098 [DEBUG] matplotlib.font_manager: findfont: score(FontEntry(fname='C:\\Windows\\Fonts\\CASTELAR.TTF', name='Castellar', style='normal', variant='normal', weight=400, stretch='normal', size='scalable')) = 10.05
2026-04-21 10:53:19,098 [DEBUG] matplotlib.font_manager: findfont: score(FontEntry(fname='C:\\Windows\\Fonts\\SCHLBKI.TTF', name='Century Schoolbook', style='italic', variant='normal', weight=400, stretch='normal', size='scalable')) = 11.05
2026-04-21 10:53:19,098 [DEBUG] matplotlib.font_manager: findfont: score(FontEntry(fname='C:\\Windows\\Fonts\\ONYX.TTF', name='Onyx', style='normal', variant='normal', weight=400, stretch='normal', size='scalable')) = 10.05
2026-04-21 10:53:19,098 [DEBUG] matplotlib.font_manager: findfont: score(FontEntry(fname='C:\\Windows\\Fonts\\ABCDiatypeExpanded-Thin-Trial.otf', name='ABC Diatype Expanded Unlicensed Trial', style='normal', variant='normal', weight=200, stretch='expanded', size='scalable')) = 10.44
2026-04-21 10:53:19,098 [DEBUG] matplotlib.font_manager: findfont: score(FontEntry(fname='C:\\Windows\\Fonts\\AGENCYR.TTF', name='Agency FB', style='normal', variant='normal', weight=400, stretch='normal', size='scalable')) = 10.05
2026-04-21 10:53:19,098 [DEBUG] matplotlib.font_manager: findfont: score(FontEntry(fname='C:\\Windows\\Fonts\\PLAYBILL.TTF', name='Playbill', style='normal', variant='normal', weight=400, stretch='normal', size='scalable')) = 10.05
2026-04-21 10:53:19,098 [DEBUG] matplotlib.font_manager: findfont: score(FontEntry(fname='C:\\Windows\\Fonts\\LTYPEB.TTF', name='Lucida Sans Typewriter', style='normal', variant='normal', weight=600, stretch='normal', size='scalable')) = 10.24
2026-04-21 10:53:19,098 [DEBUG] matplotlib.font_manager: findfont: score(FontEntry(fname='C:\\Windows\\Fonts\\ABCDiatypeExtended-MediumItalic-Trial.otf', name='ABC Diatype Extended Unlicensed Trial', style='italic', variant='normal', weight=500, stretch='expanded', size='scalable')) = 11.344999999999999
2026-04-21 10:53:19,098 [DEBUG] matplotlib.font_manager: findfont: score(FontEntry(fname='C:\\Windows\\Fonts\\BOD_CBI.TTF', name='Bodoni MT', style='italic', variant='normal', weight=700, stretch='condensed', size='scalable')) = 11.535
2026-04-21 10:53:19,098 [DEBUG] matplotlib.font_manager: findfont: score(FontEntry(fname='C:\\Windows\\Fonts\\FRAHV.TTF', name='Franklin Gothic Heavy', style='normal', variant='normal', weight=400, stretch='normal', size='scalable')) = 10.05
2026-04-21 10:53:19,098 [DEBUG] matplotlib.font_manager: findfont: score(FontEntry(fname='C:\\Windows\\Fonts\\ABCDiatype-Thin-Trial.otf', name='ABC Diatype Unlicensed Trial', style='normal', variant='normal', weight=200, stretch='normal', size='scalable')) = 10.24
2026-04-21 10:53:19,098 [DEBUG] matplotlib.font_manager: findfont: score(FontEntry(fname='C:\\Windows\\Fonts\\GOUDYSTO.TTF', name='Goudy Stout', style='normal', variant='normal', weight=400, stretch='normal', size='scalable')) = 10.05
2026-04-21 10:53:19,098 [DEBUG] matplotlib.font_manager: findfont: score(FontEntry(fname='C:\\Windows\\Fonts\\ABCDiatypeMono-BlackItalic-Trial.otf', name='ABC Diatype Mono Unlicensed Trial', style='italic', variant='normal', weight=900, stretch='normal', size='scalable')) = 11.525
2026-04-21 10:53:19,098 [DEBUG] matplotlib.font_manager: findfont: score(FontEntry(fname='C:\\Windows\\Fonts\\ERASBD.TTF', name='Eras Bold ITC', style='normal', variant='normal', weight=400, stretch='normal', size='scalable')) = 10.05
2026-04-21 10:53:19,098 [DEBUG] matplotlib.font_manager: findfont: score(FontEntry(fname='C:\\Windows\\Fonts\\ABCDiatypeSemi-Mono-UltraItalic-Trial.otf', name='ABC Diatype Semi-Mono Unlicensed Trial', style='italic', variant='normal', weight=1000, stretch='normal', size='scalable')) = 11.62
2026-04-21 10:53:19,098 [DEBUG] matplotlib.font_manager: findfont: score(FontEntry(fname='C:\\Windows\\Fonts\\Candaraz.ttf', name='Candara', style='italic', variant='normal', weight=700, stretch='normal', size='scalable')) = 11.335
2026-04-21 10:53:19,098 [DEBUG] matplotlib.font_manager: findfont: score(FontEntry(fname='C:\\Windows\\Fonts\\palab.ttf', name='Palatino Linotype', style='normal', variant='normal', weight=700, stretch='normal', size='scalable')) = 10.335
2026-04-21 10:53:19,098 [DEBUG] matplotlib.font_manager: findfont: score(FontEntry(fname='C:\\Windows\\Fonts\\ariblk.ttf', name='Arial', style='normal', variant='normal', weight=900, stretch='normal', size='scalable')) = 6.888636363636364
2026-04-21 10:53:19,098 [DEBUG] matplotlib.font_manager: findfont: score(FontEntry(fname='C:\\Windows\\Fonts\\ROCKEB.TTF', name='Rockwell Extra Bold', style='normal', variant='normal', weight=800, stretch='normal', size='scalable')) = 10.43
2026-04-21 10:53:19,098 [DEBUG] matplotlib.font_manager: findfont: score(FontEntry(fname='C:\\Windows\\Fonts\\ITCKRIST.TTF', name='Kristen ITC', style='normal', variant='normal', weight=400, stretch='normal', size='scalable')) = 10.05
2026-04-21 10:53:19,098 [DEBUG] matplotlib.font_manager: findfont: score(FontEntry(fname='C:\\Windows\\Fonts\\Nirmala.ttc', name='Nirmala UI', style='normal', variant='normal', weight=400, stretch='normal', size='scalable')) = 10.05
2026-04-21 10:53:19,098 [DEBUG] matplotlib.font_manager: findfont: score(FontEntry(fname='C:\\Windows\\Fonts\\SegoeWP-Semilight_0.ttf', name='Segoe WP SemiLight', style='normal', variant='normal', weight=400, stretch='normal', size='scalable')) = 10.05
2026-04-21 10:53:19,098 [DEBUG] matplotlib.font_manager: findfont: score(FontEntry(fname='C:\\Windows\\Fonts\\ABCDiatypeSemi-Mono-MediumItalic-Trial.otf', name='ABC Diatype Semi-Mono Unlicensed Trial', style='italic', variant='normal', weight=500, stretch='normal', size='scalable')) = 11.145
2026-04-21 10:53:19,098 [DEBUG] matplotlib.font_manager: findfont: score(FontEntry(fname='C:\\Windows\\Fonts\\phagspab.ttf', name='Microsoft PhagsPa', style='normal', variant='normal', weight=700, stretch='normal', size='scalable')) = 10.335
2026-04-21 10:53:19,098 [DEBUG] matplotlib.font_manager: findfont: score(FontEntry(fname='C:\\Windows\\Fonts\\CENSCBK.TTF', name='Century Schoolbook', style='normal', variant='normal', weight=400, stretch='normal', size='scalable')) = 10.05
2026-04-21 10:53:19,098 [DEBUG] matplotlib.font_manager: findfont: score(FontEntry(fname='C:\\Windows\\Fonts\\taileb.ttf', name='Microsoft Tai Le', style='normal', variant='normal', weight=700, stretch='normal', size='scalable')) = 10.335
2026-04-21 10:53:19,098 [DEBUG] matplotlib.font_manager: findfont: score(FontEntry(fname='C:\\Windows\\Fonts\\Candarai.ttf', name='Candara', style='italic', variant='normal', weight=400, stretch='normal', size='scalable')) = 11.05
2026-04-21 10:53:19,098 [DEBUG] matplotlib.font_manager: findfont: score(FontEntry(fname='C:\\Windows\\Fonts\\TCCB____.TTF', name='Tw Cen MT Condensed', style='normal', variant='normal', weight=700, stretch='condensed', size='scalable')) = 10.535
2026-04-21 10:53:19,098 [DEBUG] matplotlib.font_manager: findfont: score(FontEntry(fname='C:\\Windows\\Fonts\\palabi.ttf', name='Palatino Linotype', style='italic', variant='normal', weight=700, stretch='normal', size='scalable')) = 11.335
2026-04-21 10:53:19,098 [DEBUG] matplotlib.font_manager: findfont: score(FontEntry(fname='C:\\Windows\\Fonts\\ANTQUAB.TTF', name='Book Antiqua', style='normal', variant='normal', weight=700, stretch='normal', size='scalable')) = 10.335
2026-04-21 10:53:19,098 [DEBUG] matplotlib.font_manager: findfont: score(FontEntry(fname='C:\\Windows\\Fonts\\consolab.ttf', name='Consolas', style='normal', variant='normal', weight=700, stretch='normal', size='scalable')) = 10.335
2026-04-21 10:53:19,098 [DEBUG] matplotlib.font_manager: findfont: score(FontEntry(fname='C:\\Windows\\Fonts\\ABCDiatypeCondensed-ThinItalic-Trial.otf', name='ABC Diatype Condensed Unlicensed Trial', style='italic', variant='normal', weight=200, stretch='condensed', size='scalable')) = 11.44
2026-04-21 10:53:19,099 [DEBUG] matplotlib.font_manager: findfont: score(FontEntry(fname='C:\\Windows\\Fonts\\BRLNSB.TTF', name='Berlin Sans FB', style='normal', variant='normal', weight=700, stretch='normal', size='scalable')) = 10.335
2026-04-21 10:53:19,099 [DEBUG] matplotlib.font_manager: findfont: score(FontEntry(fname='C:\\Windows\\Fonts\\MTEXTRA.TTF', name='MT Extra', style='normal', variant='normal', weight=400, stretch='normal', size='scalable')) = 10.05
2026-04-21 10:53:19,099 [DEBUG] matplotlib.font_manager: findfont: score(FontEntry(fname='C:\\Windows\\Fonts\\BOOKOSI.TTF', name='Bookman Old Style', style='italic', variant='normal', weight=300, stretch='normal', size='scalable')) = 11.145
2026-04-21 10:53:19,099 [DEBUG] matplotlib.font_manager: findfont: score(FontEntry(fname='C:\\Windows\\Fonts\\GOUDOS.TTF', name='Goudy Old Style', style='normal', variant='normal', weight=400, stretch='normal', size='scalable')) = 10.05
2026-04-21 10:53:19,099 [DEBUG] matplotlib.font_manager: findfont: score(FontEntry(fname='C:\\Windows\\Fonts\\ABCDiatypeExtended-Thin-Trial.otf', name='ABC Diatype Extended Unlicensed Trial', style='normal', variant='normal', weight=200, stretch='expanded', size='scalable')) = 10.44
2026-04-21 10:53:19,099 [DEBUG] matplotlib.font_manager: findfont: score(FontEntry(fname='C:\\Windows\\Fonts\\courbd.ttf', name='Courier New', style='normal', variant='normal', weight=700, stretch='normal', size='scalable')) = 10.335
2026-04-21 10:53:19,099 [DEBUG] matplotlib.font_manager: findfont: score(FontEntry(fname='C:\\Windows\\Fonts\\ABCDiatype-Black-Trial.otf', name='ABC Diatype Unlicensed Trial', style='normal', variant='normal', weight=900, stretch='normal', size='scalable')) = 10.525
2026-04-21 10:53:19,099 [DEBUG] matplotlib.font_manager: findfont: score(FontEntry(fname='C:\\Windows\\Fonts\\LHANDW.TTF', name='Lucida Handwriting', style='italic', variant='normal', weight=400, stretch='normal', size='scalable')) = 11.05
2026-04-21 10:53:19,099 [DEBUG] matplotlib.font_manager: findfont: score(FontEntry(fname='C:\\Windows\\Fonts\\arialbd.ttf', name='Arial', style='normal', variant='normal', weight=700, stretch='normal', size='scalable')) = 6.698636363636363
2026-04-21 10:53:19,099 [DEBUG] matplotlib.font_manager: findfont: score(FontEntry(fname='C:\\Windows\\Fonts\\comici.ttf', name='Comic Sans MS', style='italic', variant='normal', weight=400, stretch='normal', size='scalable')) = 11.05
2026-04-21 10:53:19,099 [DEBUG] matplotlib.font_manager: findfont: score(FontEntry(fname='C:\\Windows\\Fonts\\ABCDiatypeCondensed-Thin-Trial.otf', name='ABC Diatype Condensed Unlicensed Trial', style='normal', variant='normal', weight=200, stretch='condensed', size='scalable')) = 10.44
2026-04-21 10:53:19,099 [DEBUG] matplotlib.font_manager: findfont: score(FontEntry(fname='C:\\Windows\\Fonts\\LBRITEDI.TTF', name='Lucida Bright', style='italic', variant='normal', weight=600, stretch='normal', size='scalable')) = 11.24
2026-04-21 10:53:19,099 [DEBUG] matplotlib.font_manager: findfont: score(FontEntry(fname='C:\\Windows\\Fonts\\PERB____.TTF', name='Perpetua', style='normal', variant='normal', weight=700, stretch='normal', size='scalable')) = 10.335
2026-04-21 10:53:19,099 [DEBUG] matplotlib.font_manager: findfont: score(FontEntry(fname='C:\\Windows\\Fonts\\CALISTB.TTF', name='Calisto MT', style='normal', variant='normal', weight=700, stretch='normal', size='scalable')) = 10.335
2026-04-21 10:53:19,099 [DEBUG] matplotlib.font_manager: findfont: score(FontEntry(fname='C:\\Windows\\Fonts\\ABCDiatypeMono-Heavy-Trial.otf', name='ABC Diatype Mono Unlicensed Trial', style='normal', variant='normal', weight=800, stretch='normal', size='scalable')) = 10.43
2026-04-21 10:53:19,099 [DEBUG] matplotlib.font_manager: findfont: score(FontEntry(fname='C:\\Windows\\Fonts\\TCCEB.TTF', name='Tw Cen MT Condensed Extra Bold', style='normal', variant='normal', weight=400, stretch='condensed', size='scalable')) = 10.25
2026-04-21 10:53:19,099 [DEBUG] matplotlib.font_manager: findfont: score(FontEntry(fname='C:\\Windows\\Fonts\\YuGothB.ttc', name='Yu Gothic', style='normal', variant='normal', weight=700, stretch='normal', size='scalable')) = 10.335
2026-04-21 10:53:19,099 [DEBUG] matplotlib.font_manager: findfont: score(FontEntry(fname='C:\\Windows\\Fonts\\ABCDiatypeCompressed-Medium-Trial.otf', name='ABC Diatype Compressed Unlicensed Trial', style='normal', variant='normal', weight=500, stretch='normal', size='scalable')) = 10.145
2026-04-21 10:53:19,099 [DEBUG] matplotlib.font_manager: findfont: score(FontEntry(fname='C:\\Windows\\Fonts\\FRAMDCN.TTF', name='Franklin Gothic Medium Cond', style='normal', variant='normal', weight=400, stretch='condensed', size='scalable')) = 10.25
2026-04-21 10:53:19,099 [DEBUG] matplotlib.font_manager: findfont: score(FontEntry(fname='C:\\Windows\\Fonts\\BOD_BI.TTF', name='Bodoni MT', style='italic', variant='normal', weight=700, stretch='normal', size='scalable')) = 11.335
2026-04-21 10:53:19,099 [DEBUG] matplotlib.font_manager: findfont: score(FontEntry(fname='C:\\Windows\\Fonts\\ABCDiatypeCompressed-ThinItalic-Trial.otf', name='ABC Diatype Compressed Unlicensed Trial', style='italic', variant='normal', weight=200, stretch='normal', size='scalable')) = 11.24
2026-04-21 10:53:19,099 [DEBUG] matplotlib.font_manager: findfont: score(FontEntry(fname='C:\\Windows\\Fonts\\tahoma.ttf', name='Tahoma', style='normal', variant='normal', weight=400, stretch='normal', size='scalable')) = 10.05
2026-04-21 10:53:19,099 [DEBUG] matplotlib.font_manager: findfont: score(FontEntry(fname='C:\\Windows\\Fonts\\ABCDiatypeCompressed-Bold-Trial.otf', name='ABC Diatype Compressed Unlicensed Trial', style='normal', variant='normal', weight=700, stretch='normal', size='scalable')) = 10.335
2026-04-21 10:53:19,099 [DEBUG] matplotlib.font_manager: findfont: score(FontEntry(fname='C:\\Windows\\Fonts\\georgia.ttf', name='Georgia', style='normal', variant='normal', weight=400, stretch='normal', size='scalable')) = 10.05
2026-04-21 10:53:19,099 [DEBUG] matplotlib.font_manager: findfont: score(FontEntry(fname='C:\\Windows\\Fonts\\SitkaVF-Italic.ttf', name='Sitka', style='italic', variant='normal', weight=400, stretch='normal', size='scalable')) = 11.05
2026-04-21 10:53:19,099 [DEBUG] matplotlib.font_manager: findfont: score(FontEntry(fname='C:\\Windows\\Fonts\\himalaya.ttf', name='Microsoft Himalaya', style='normal', variant='normal', weight=400, stretch='normal', size='scalable')) = 10.05
2026-04-21 10:53:19,099 [DEBUG] matplotlib.font_manager: findfont: score(FontEntry(fname='C:\\Users\\deank\\AppData\\Local\\Microsoft\\Windows\\Fonts\\Ubuntu-BoldItalic.ttf', name='Ubuntu', style='italic', variant='normal', weight=700, stretch='normal', size='scalable')) = 11.335
2026-04-21 10:53:19,099 [DEBUG] matplotlib.font_manager: findfont: score(FontEntry(fname='C:\\Windows\\Fonts\\ANTQUABI.TTF', name='Book Antiqua', style='italic', variant='normal', weight=700, stretch='normal', size='scalable')) = 11.335
2026-04-21 10:53:19,099 [DEBUG] matplotlib.font_manager: findfont: score(FontEntry(fname='C:\\Windows\\Fonts\\georgiai.ttf', name='Georgia', style='italic', variant='normal', weight=400, stretch='normal', size='scalable')) = 11.05
2026-04-21 10:53:19,099 [DEBUG] matplotlib.font_manager: findfont: score(FontEntry(fname='C:\\Windows\\Fonts\\ABCDiatypeSemi-Mono-Thin-Trial.otf', name='ABC Diatype Semi-Mono Unlicensed Trial', style='normal', variant='normal', weight=200, stretch='normal', size='scalable')) = 10.24
2026-04-21 10:53:19,099 [DEBUG] matplotlib.font_manager: findfont: score(FontEntry(fname='C:\\Windows\\Fonts\\trebucit.ttf', name='Trebuchet MS', style='italic', variant='normal', weight=400, stretch='normal', size='scalable')) = 11.05
2026-04-21 10:53:19,099 [DEBUG] matplotlib.font_manager: findfont: score(FontEntry(fname='C:\\Windows\\Fonts\\LeelawUI.ttf', name='Leelawadee UI', style='normal', variant='normal', weight=400, stretch='normal', size='scalable')) = 10.05
2026-04-21 10:53:19,099 [DEBUG] matplotlib.font_manager: findfont: score(FontEntry(fname='C:\\Windows\\Fonts\\ZWAdobeF.TTF', name='ZWAdobeF', style='normal', variant='normal', weight=400, stretch='normal', size='scalable')) = 10.05
2026-04-21 10:53:19,099 [DEBUG] matplotlib.font_manager: findfont: score(FontEntry(fname='C:\\Windows\\Fonts\\ABCDiatypeSemi-Mono-BlackItalic-Trial.otf', name='ABC Diatype Semi-Mono Unlicensed Trial', style='italic', variant='normal', weight=900, stretch='normal', size='scalable')) = 11.525
2026-04-21 10:53:19,099 [DEBUG] matplotlib.font_manager: findfont: score(FontEntry(fname='C:\\Windows\\Fonts\\mvboli.ttf', name='MV Boli', style='normal', variant='normal', weight=400, stretch='normal', size='scalable')) = 10.05
2026-04-21 10:53:19,099 [DEBUG] matplotlib.font_manager: findfont: score(FontEntry(fname='C:\\Windows\\Fonts\\ABCDiatype-BoldItalic-Trial.otf', name='ABC Diatype Unlicensed Trial', style='italic', variant='normal', weight=700, stretch='normal', size='scalable')) = 11.335
2026-04-21 10:53:19,099 [DEBUG] matplotlib.font_manager: findfont: score(FontEntry(fname='C:\\Windows\\Fonts\\georgiaz.ttf', name='Georgia', style='italic', variant='normal', weight=700, stretch='normal', size='scalable')) = 11.335
2026-04-21 10:53:19,099 [DEBUG] matplotlib.font_manager: findfont: score(FontEntry(fname='C:\\Windows\\Fonts\\calibrib.ttf', name='Calibri', style='normal', variant='normal', weight=700, stretch='normal', size='scalable')) = 10.335
2026-04-21 10:53:19,099 [DEBUG] matplotlib.font_manager: findfont: score(FontEntry(fname='C:\\Windows\\Fonts\\INFROMAN.TTF', name='Informal Roman', style='normal', variant='normal', weight=400, stretch='normal', size='scalable')) = 10.05
2026-04-21 10:53:19,099 [DEBUG] matplotlib.font_manager: findfont: score(FontEntry(fname='C:\\Windows\\Fonts\\ABCDiatypeCondensed-Medium-Trial.otf', name='ABC Diatype Condensed Unlicensed Trial', style='normal', variant='normal', weight=500, stretch='condensed', size='scalable')) = 10.344999999999999
2026-04-21 10:53:19,100 [DEBUG] matplotlib.font_manager: findfont: score(FontEntry(fname='C:\\Windows\\Fonts\\PALSCRI.TTF', name='Palace Script MT', style='normal', variant='normal', weight=400, stretch='normal', size='scalable')) = 10.05
2026-04-21 10:53:19,100 [DEBUG] matplotlib.font_manager: findfont: score(FontEntry(fname='C:\\Windows\\Fonts\\ABCDiatypeMono-HeavyItalic-Trial.otf', name='ABC Diatype Mono Unlicensed Trial', style='italic', variant='normal', weight=800, stretch='normal', size='scalable')) = 11.43
2026-04-21 10:53:19,100 [DEBUG] matplotlib.font_manager: findfont: score(FontEntry(fname='C:\\Windows\\Fonts\\seguibli.ttf', name='Segoe UI', style='italic', variant='normal', weight=900, stretch='normal', size='scalable')) = 11.525
2026-04-21 10:53:19,100 [DEBUG] matplotlib.font_manager: findfont: score(FontEntry(fname='C:\\Windows\\Fonts\\GIGI.TTF', name='Gigi', style='normal', variant='normal', weight=400, stretch='normal', size='scalable')) = 10.05
2026-04-21 10:53:19,100 [DEBUG] matplotlib.font_manager: findfont: score(FontEntry(fname='C:\\Windows\\Fonts\\LTYPE.TTF', name='Lucida Sans Typewriter', style='normal', variant='normal', weight=400, stretch='normal', size='scalable')) = 10.05
2026-04-21 10:53:19,100 [DEBUG] matplotlib.font_manager: findfont: score(FontEntry(fname='C:\\Windows\\Fonts\\CALIFI.TTF', name='Californian FB', style='italic', variant='normal', weight=400, stretch='normal', size='scalable')) = 11.05
2026-04-21 10:53:19,100 [DEBUG] matplotlib.font_manager: findfont: score(FontEntry(fname='C:\\Windows\\Fonts\\CENTURY.TTF', name='Century', style='normal', variant='normal', weight=400, stretch='normal', size='scalable')) = 10.05
2026-04-21 10:53:19,100 [DEBUG] matplotlib.font_manager: findfont: score(FontEntry(fname='C:\\Windows\\Fonts\\seguibl.ttf', name='Segoe UI', style='normal', variant='normal', weight=900, stretch='normal', size='scalable')) = 10.525
2026-04-21 10:53:19,100 [DEBUG] matplotlib.font_manager: findfont: score(FontEntry(fname='C:\\Windows\\Fonts\\segoescb.ttf', name='Segoe Script', style='normal', variant='normal', weight=700, stretch='normal', size='scalable')) = 10.335
2026-04-21 10:53:19,100 [DEBUG] matplotlib.font_manager: findfont: score(FontEntry(fname='C:\\Windows\\Fonts\\couri.ttf', name='Courier New', style='italic', variant='normal', weight=400, stretch='normal', size='scalable')) = 11.05
2026-04-21 10:53:19,100 [DEBUG] matplotlib.font_manager: findfont: score(FontEntry(fname='C:\\Windows\\Fonts\\ABCDiatypeSemi-Mono-Medium-Trial.otf', name='ABC Diatype Semi-Mono Unlicensed Trial', style='normal', variant='normal', weight=500, stretch='normal', size='scalable')) = 10.145
2026-04-21 10:53:19,100 [DEBUG] matplotlib.font_manager: findfont: score(FontEntry(fname='C:\\Windows\\Fonts\\PERTILI.TTF', name='Perpetua Titling MT', style='normal', variant='normal', weight=300, stretch='normal', size='scalable')) = 10.145
2026-04-21 10:53:19,100 [DEBUG] matplotlib.font_manager: findfont: score(FontEntry(fname='C:\\Windows\\Fonts\\SitkaVF.ttf', name='Sitka', style='normal', variant='normal', weight=400, stretch='normal', size='scalable')) = 10.05
2026-04-21 10:53:19,100 [DEBUG] matplotlib.font_manager: findfont: score(FontEntry(fname='C:\\Windows\\Fonts\\BROADW.TTF', name='Broadway', style='normal', variant='normal', weight=400, stretch='normal', size='scalable')) = 10.05
2026-04-21 10:53:19,100 [DEBUG] matplotlib.font_manager: findfont: score(FontEntry(fname='C:\\Windows\\Fonts\\LFAXI.TTF', name='Lucida Fax', style='italic', variant='normal', weight=400, stretch='normal', size='scalable')) = 11.05
2026-04-21 10:53:19,100 [DEBUG] matplotlib.font_manager: findfont: score(FontEntry(fname='C:\\Windows\\Fonts\\ABCDiatypeExtended-Light-Trial.otf', name='ABC Diatype Extended Unlicensed Trial', style='normal', variant='normal', weight=300, stretch='expanded', size='scalable')) = 10.344999999999999
2026-04-21 10:53:19,100 [DEBUG] matplotlib.font_manager: findfont: score(FontEntry(fname='C:\\Windows\\Fonts\\OLDENGL.TTF', name='Old English Text MT', style='normal', variant='normal', weight=400, stretch='normal', size='scalable')) = 10.05
2026-04-21 10:53:19,100 [DEBUG] matplotlib.font_manager: findfont: score(FontEntry(fname='C:\\Windows\\Fonts\\segmdl2.ttf', name='Segoe MDL2 Assets', style='normal', variant='normal', weight=400, stretch='normal', size='scalable')) = 10.05
2026-04-21 10:53:19,100 [DEBUG] matplotlib.font_manager: findfont: score(FontEntry(fname='C:\\Windows\\Fonts\\DUBAI-MEDIUM.TTF', name='Dubai', style='normal', variant='normal', weight=500, stretch='normal', size='scalable')) = 10.145
2026-04-21 10:53:19,100 [DEBUG] matplotlib.font_manager: findfont: score(FontEntry(fname='C:\\Windows\\Fonts\\segoesc.ttf', name='Segoe Script', style='normal', variant='normal', weight=400, stretch='normal', size='scalable')) = 10.05
2026-04-21 10:53:19,100 [DEBUG] matplotlib.font_manager: findfont: score(FontEntry(fname='C:\\Windows\\Fonts\\mmrtext.ttf', name='Myanmar Text', style='normal', variant='normal', weight=400, stretch='normal', size='scalable')) = 10.05
2026-04-21 10:53:19,100 [DEBUG] matplotlib.font_manager: findfont: score(FontEntry(fname='C:\\Windows\\Fonts\\msjhl.ttc', name='Microsoft JhengHei', style='normal', variant='normal', weight=290, stretch='normal', size='scalable')) = 10.1545
2026-04-21 10:53:19,100 [DEBUG] matplotlib.font_manager: findfont: score(FontEntry(fname='C:\\Windows\\Fonts\\COOPBL.TTF', name='Cooper Black', style='normal', variant='normal', weight=400, stretch='normal', size='scalable')) = 10.05
2026-04-21 10:53:19,100 [DEBUG] matplotlib.font_manager: findfont: score(FontEntry(fname='C:\\Windows\\Fonts\\ABCDiatypeCondensed-Light-Trial.otf', name='ABC Diatype Condensed Unlicensed Trial', style='normal', variant='normal', weight=300, stretch='condensed', size='scalable')) = 10.344999999999999
2026-04-21 10:53:19,100 [DEBUG] matplotlib.font_manager: findfont: score(FontEntry(fname='C:\\Windows\\Fonts\\GILB____.TTF', name='Gill Sans MT', style='normal', variant='normal', weight=700, stretch='normal', size='scalable')) = 10.335
2026-04-21 10:53:19,100 [DEBUG] matplotlib.font_manager: findfont: score(FontEntry(fname='C:\\Windows\\Fonts\\TEMPSITC.TTF', name='Tempus Sans ITC', style='normal', variant='normal', weight=400, stretch='normal', size='scalable')) = 10.05
2026-04-21 10:53:19,100 [DEBUG] matplotlib.font_manager: findfont: score(FontEntry(fname='C:\\Windows\\Fonts\\YuGothL.ttc', name='Yu Gothic', style='normal', variant='normal', weight=300, stretch='normal', size='scalable')) = 10.145
2026-04-21 10:53:19,100 [DEBUG] matplotlib.font_manager: findfont: score(FontEntry(fname='C:\\Windows\\Fonts\\comicbd.ttf', name='Comic Sans MS', style='normal', variant='normal', weight=700, stretch='normal', size='scalable')) = 10.335
2026-04-21 10:53:19,100 [DEBUG] matplotlib.font_manager: findfont: score(FontEntry(fname='C:\\Windows\\Fonts\\ABCDiatypeMono-Regular-Trial.otf', name='ABC Diatype Mono Unlicensed Trial', style='normal', variant='normal', weight=400, stretch='normal', size='scalable')) = 10.05
2026-04-21 10:53:19,100 [DEBUG] matplotlib.font_manager: findfont: score(FontEntry(fname='C:\\Windows\\Fonts\\VLADIMIR.TTF', name='Vladimir Script', style='normal', variant='normal', weight=400, stretch='normal', size='scalable')) = 10.05
2026-04-21 10:53:19,100 [DEBUG] matplotlib.font_manager: findfont: score(FontEntry(fname='C:\\Windows\\Fonts\\CALISTI.TTF', name='Calisto MT', style='italic', variant='normal', weight=400, stretch='normal', size='scalable')) = 11.05
2026-04-21 10:53:19,100 [DEBUG] matplotlib.font_manager: findfont: score(FontEntry(fname='C:\\Windows\\Fonts\\ITCBLKAD.TTF', name='Blackadder ITC', style='normal', variant='normal', weight=400, stretch='normal', size='scalable')) = 10.05
2026-04-21 10:53:19,100 [DEBUG] matplotlib.font_manager: findfont: score(FontEntry(fname='C:\\Windows\\Fonts\\webdings.ttf', name='Webdings', style='normal', variant='normal', weight=400, stretch='normal', size='scalable')) = 10.05
2026-04-21 10:53:19,100 [DEBUG] matplotlib.font_manager: findfont: score(FontEntry(fname='C:\\Windows\\Fonts\\ABCDiatypeExpanded-BoldItalic-Trial.otf', name='ABC Diatype Expanded Unlicensed Trial', style='italic', variant='normal', weight=700, stretch='expanded', size='scalable')) = 11.535
2026-04-21 10:53:19,100 [DEBUG] matplotlib.font_manager: findfont: score(FontEntry(fname='C:\\Windows\\Fonts\\TCMI____.TTF', name='Tw Cen MT', style='italic', variant='normal', weight=400, stretch='normal', size='scalable')) = 11.05
2026-04-21 10:53:19,100 [DEBUG] matplotlib.font_manager: findfont: score(FontEntry(fname='C:\\Windows\\Fonts\\HARNGTON.TTF', name='Harrington', style='normal', variant='normal', weight=400, stretch='normal', size='scalable')) = 10.05
2026-04-21 10:53:19,100 [DEBUG] matplotlib.font_manager: findfont: score(FontEntry(fname='C:\\Windows\\Fonts\\TCCM____.TTF', name='Tw Cen MT Condensed', style='normal', variant='normal', weight=400, stretch='condensed', size='scalable')) = 10.25
2026-04-21 10:53:19,100 [DEBUG] matplotlib.font_manager: findfont: score(FontEntry(fname='C:\\Windows\\Fonts\\PAPYRUS.TTF', name='Papyrus', style='normal', variant='normal', weight=400, stretch='normal', size='scalable')) = 10.05
2026-04-21 10:53:19,100 [DEBUG] matplotlib.font_manager: findfont: score(FontEntry(fname='C:\\Windows\\Fonts\\ABCDiatypeExtended-Bold-Trial.otf', name='ABC Diatype Extended Unlicensed Trial', style='normal', variant='normal', weight=700, stretch='expanded', size='scalable')) = 10.535
2026-04-21 10:53:19,100 [DEBUG] matplotlib.font_manager: findfont: Matching sans\-serif:style=normal:variant=normal:weight=normal:stretch=normal:size=10.0 to DejaVu Sans ('c:\\Users\\deank\\sourcecode\\WeatherSnake\\.venv\\Lib\\site-packages\\matplotlib\\mpl-data\\fonts\\ttf\\DejaVuSans.ttf') with score of 0.050000.
2026-04-21 10:53:19,104 [INFO] matplotlib.category: Using categorical units to plot a list of strings that are all parsable as floats or dates. If these strings should be plotted as numbers, cast to the appropriate data type before plotting.
2026-04-21 10:53:19,104 [INFO] matplotlib.category: Using categorical units to plot a list of strings that are all parsable as floats or dates. If these strings should be plotted as numbers, cast to the appropriate data type before plotting.
2026-04-21 10:53:19,105 [INFO] matplotlib.category: Using categorical units to plot a list of strings that are all parsable as floats or dates. If these strings should be plotted as numbers, cast to the appropriate data type before plotting.
2026-04-21 10:53:19,105 [INFO] matplotlib.category: Using categorical units to plot a list of strings that are all parsable as floats or dates. If these strings should be plotted as numbers, cast to the appropriate data type before plotting.
2026-04-21 10:53:19,109 [INFO] matplotlib.category: Using categorical units to plot a list of strings that are all parsable as floats or dates. If these strings should be plotted as numbers, cast to the appropriate data type before plotting.
2026-04-21 10:53:19,128 [DEBUG] matplotlib.font_manager: findfont: Matching sans\-serif:style=normal:variant=normal:weight=normal:stretch=normal:size=12.0.
2026-04-21 10:53:19,128 [DEBUG] matplotlib.font_manager: findfont: score(FontEntry(fname='c:\\Users\\deank\\sourcecode\\WeatherSnake\\.venv\\Lib\\site-packages\\matplotlib\\mpl-data\\fonts\\ttf\\DejaVuSans.ttf', name='DejaVu Sans', style='normal', variant='normal', weight=400, stretch='normal', size='scalable')) = 0.05
2026-04-21 10:53:19,129 [DEBUG] matplotlib.font_manager: findfont: score(FontEntry(fname='c:\\Users\\deank\\sourcecode\\WeatherSnake\\.venv\\Lib\\site-packages\\matplotlib\\mpl-data\\fonts\\ttf\\DejaVuSerif-Italic.ttf', name='DejaVu Serif', style='italic', variant='normal', weight=400, stretch='normal', size='scalable')) = 11.05
2026-04-21 10:53:19,129 [DEBUG] matplotlib.font_manager: findfont: score(FontEntry(fname='c:\\Users\\deank\\sourcecode\\WeatherSnake\\.venv\\Lib\\site-packages\\matplotlib\\mpl-data\\fonts\\ttf\\STIXSizThreeSymBol.ttf', name='STIXSizeThreeSym', style='normal', variant='normal', weight=700, stretch='normal', size='scalable')) = 10.335
2026-04-21 10:53:19,129 [DEBUG] matplotlib.font_manager: findfont: score(FontEntry(fname='c:\\Users\\deank\\sourcecode\\WeatherSnake\\.venv\\Lib\\site-packages\\matplotlib\\mpl-data\\fonts\\ttf\\DejaVuSansMono-Bold.ttf', name='DejaVu Sans Mono', style='normal', variant='normal', weight=700, stretch='normal', size='scalable')) = 10.335
2026-04-21 10:53:19,129 [DEBUG] matplotlib.font_manager: findfont: score(FontEntry(fname='c:\\Users\\deank\\sourcecode\\WeatherSnake\\.venv\\Lib\\site-packages\\matplotlib\\mpl-data\\fonts\\ttf\\STIXSizTwoSymReg.ttf', name='STIXSizeTwoSym', style='normal', variant='normal', weight=400, stretch='normal', size='scalable')) = 10.05
2026-04-21 10:53:19,129 [DEBUG] matplotlib.font_manager: findfont: score(FontEntry(fname='c:\\Users\\deank\\sourcecode\\WeatherSnake\\.venv\\Lib\\site-packages\\matplotlib\\mpl-data\\fonts\\ttf\\STIXGeneralBol.ttf', name='STIXGeneral', style='normal', variant='normal', weight=700, stretch='normal', size='scalable')) = 10.335
2026-04-21 10:53:19,129 [DEBUG] matplotlib.font_manager: findfont: score(FontEntry(fname='c:\\Users\\deank\\sourcecode\\WeatherSnake\\.venv\\Lib\\site-packages\\matplotlib\\mpl-data\\fonts\\ttf\\DejaVuSans-Bold.ttf', name='DejaVu Sans', style='normal', variant='normal', weight=700, stretch='normal', size='scalable')) = 0.33499999999999996
2026-04-21 10:53:19,129 [DEBUG] matplotlib.font_manager: findfont: score(FontEntry(fname='c:\\Users\\deank\\sourcecode\\WeatherSnake\\.venv\\Lib\\site-packages\\matplotlib\\mpl-data\\fonts\\ttf\\STIXSizFourSymBol.ttf', name='STIXSizeFourSym', style='normal', variant='normal', weight=700, stretch='normal', size='scalable')) = 10.335
2026-04-21 10:53:19,129 [DEBUG] matplotlib.font_manager: findfont: score(FontEntry(fname='c:\\Users\\deank\\sourcecode\\WeatherSnake\\.venv\\Lib\\site-packages\\matplotlib\\mpl-data\\fonts\\ttf\\cmr10.ttf', name='cmr10', style='normal', variant='normal', weight=400, stretch='normal', size='scalable')) = 10.05
2026-04-21 10:53:19,129 [DEBUG] matplotlib.font_manager: findfont: score(FontEntry(fname='c:\\Users\\deank\\sourcecode\\WeatherSnake\\.venv\\Lib\\site-packages\\matplotlib\\mpl-data\\fonts\\ttf\\STIXSizThreeSymReg.ttf', name='STIXSizeThreeSym', style='normal', variant='normal', weight=400, stretch='normal', size='scalable')) = 10.05
2026-04-21 10:53:19,129 [DEBUG] matplotlib.font_manager: findfont: score(FontEntry(fname='c:\\Users\\deank\\sourcecode\\WeatherSnake\\.venv\\Lib\\site-packages\\matplotlib\\mpl-data\\fonts\\ttf\\DejaVuSerif-BoldItalic.ttf', name='DejaVu Serif', style='italic', variant='normal', weight=700, stretch='normal', size='scalable')) = 11.335
2026-04-21 10:53:19,129 [DEBUG] matplotlib.font_manager: findfont: score(FontEntry(fname='c:\\Users\\deank\\sourcecode\\WeatherSnake\\.venv\\Lib\\site-packages\\matplotlib\\mpl-data\\fonts\\ttf\\DejaVuSans-Oblique.ttf', name='DejaVu Sans', style='oblique', variant='normal', weight=400, stretch='normal', size='scalable')) = 1.05
2026-04-21 10:53:19,129 [DEBUG] matplotlib.font_manager: findfont: score(FontEntry(fname='c:\\Users\\deank\\sourcecode\\WeatherSnake\\.venv\\Lib\\site-packages\\matplotlib\\mpl-data\\fonts\\ttf\\STIXSizFiveSymReg.ttf', name='STIXSizeFiveSym', style='normal', variant='normal', weight=400, stretch='normal', size='scalable')) = 10.05
2026-04-21 10:53:19,129 [DEBUG] matplotlib.font_manager: findfont: score(FontEntry(fname='c:\\Users\\deank\\sourcecode\\WeatherSnake\\.venv\\Lib\\site-packages\\matplotlib\\mpl-data\\fonts\\ttf\\DejaVuSansMono-BoldOblique.ttf', name='DejaVu Sans Mono', style='oblique', variant='normal', weight=700, stretch='normal', size='scalable')) = 11.335
2026-04-21 10:53:19,129 [DEBUG] matplotlib.font_manager: findfont: score(FontEntry(fname='c:\\Users\\deank\\sourcecode\\WeatherSnake\\.venv\\Lib\\site-packages\\matplotlib\\mpl-data\\fonts\\ttf\\STIXNonUni.ttf', name='STIXNonUnicode', style='normal', variant='normal', weight=400, stretch='normal', size='scalable')) = 10.05
2026-04-21 10:53:19,129 [DEBUG] matplotlib.font_manager: findfont: score(FontEntry(fname='c:\\Users\\deank\\sourcecode\\WeatherSnake\\.venv\\Lib\\site-packages\\matplotlib\\mpl-data\\fonts\\ttf\\cmtt10.ttf', name='cmtt10', style='normal', variant='normal', weight=400, stretch='normal', size='scalable')) = 10.05
2026-04-21 10:53:19,129 [DEBUG] matplotlib.font_manager: findfont: score(FontEntry(fname='c:\\Users\\deank\\sourcecode\\WeatherSnake\\.venv\\Lib\\site-packages\\matplotlib\\mpl-data\\fonts\\ttf\\cmss10.ttf', name='cmss10', style='normal', variant='normal', weight=400, stretch='normal', size='scalable')) = 10.05
2026-04-21 10:53:19,129 [DEBUG] matplotlib.font_manager: findfont: score(FontEntry(fname='c:\\Users\\deank\\sourcecode\\WeatherSnake\\.venv\\Lib\\site-packages\\matplotlib\\mpl-data\\fonts\\ttf\\STIXSizOneSymReg.ttf', name='STIXSizeOneSym', style='normal', variant='normal', weight=400, stretch='normal', size='scalable')) = 10.05
2026-04-21 10:53:19,129 [DEBUG] matplotlib.font_manager: findfont: score(FontEntry(fname='c:\\Users\\deank\\sourcecode\\WeatherSnake\\.venv\\Lib\\site-packages\\matplotlib\\mpl-data\\fonts\\ttf\\cmb10.ttf', name='cmb10', style='normal', variant='normal', weight=400, stretch='normal', size='scalable')) = 10.05
2026-04-21 10:53:19,129 [DEBUG] matplotlib.font_manager: findfont: score(FontEntry(fname='c:\\Users\\deank\\sourcecode\\WeatherSnake\\.venv\\Lib\\site-packages\\matplotlib\\mpl-data\\fonts\\ttf\\cmmi10.ttf', name='cmmi10', style='normal', variant='normal', weight=400, stretch='normal', size='scalable')) = 10.05
2026-04-21 10:53:19,129 [DEBUG] matplotlib.font_manager: findfont: score(FontEntry(fname='c:\\Users\\deank\\sourcecode\\WeatherSnake\\.venv\\Lib\\site-packages\\matplotlib\\mpl-data\\fonts\\ttf\\DejaVuSans-BoldOblique.ttf', name='DejaVu Sans', style='oblique', variant='normal', weight=700, stretch='normal', size='scalable')) = 1.335
2026-04-21 10:53:19,129 [DEBUG] matplotlib.font_manager: findfont: score(FontEntry(fname='c:\\Users\\deank\\sourcecode\\WeatherSnake\\.venv\\Lib\\site-packages\\matplotlib\\mpl-data\\fonts\\ttf\\DejaVuSerif-Bold.ttf', name='DejaVu Serif', style='normal', variant='normal', weight=700, stretch='normal', size='scalable')) = 10.335
2026-04-21 10:53:19,129 [DEBUG] matplotlib.font_manager: findfont: score(FontEntry(fname='c:\\Users\\deank\\sourcecode\\WeatherSnake\\.venv\\Lib\\site-packages\\matplotlib\\mpl-data\\fonts\\ttf\\DejaVuSerifDisplay.ttf', name='DejaVu Serif Display', style='normal', variant='normal', weight=400, stretch='normal', size='scalable')) = 10.05
2026-04-21 10:53:19,129 [DEBUG] matplotlib.font_manager: findfont: score(FontEntry(fname='c:\\Users\\deank\\sourcecode\\WeatherSnake\\.venv\\Lib\\site-packages\\matplotlib\\mpl-data\\fonts\\ttf\\STIXNonUniIta.ttf', name='STIXNonUnicode', style='italic', variant='normal', weight=400, stretch='normal', size='scalable')) = 11.05
2026-04-21 10:53:19,129 [DEBUG] matplotlib.font_manager: findfont: score(FontEntry(fname='c:\\Users\\deank\\sourcecode\\WeatherSnake\\.venv\\Lib\\site-packages\\matplotlib\\mpl-data\\fonts\\ttf\\STIXGeneralItalic.ttf', name='STIXGeneral', style='italic', variant='normal', weight=400, stretch='normal', size='scalable')) = 11.05
2026-04-21 10:53:19,129 [DEBUG] matplotlib.font_manager: findfont: score(FontEntry(fname='c:\\Users\\deank\\sourcecode\\WeatherSnake\\.venv\\Lib\\site-packages\\matplotlib\\mpl-data\\fonts\\ttf\\DejaVuSansDisplay.ttf', name='DejaVu Sans Display', style='normal', variant='normal', weight=400, stretch='normal', size='scalable')) = 10.05
2026-04-21 10:53:19,129 [DEBUG] matplotlib.font_manager: findfont: score(FontEntry(fname='c:\\Users\\deank\\sourcecode\\WeatherSnake\\.venv\\Lib\\site-packages\\matplotlib\\mpl-data\\fonts\\ttf\\DejaVuSansMono-Oblique.ttf', name='DejaVu Sans Mono', style='oblique', variant='normal', weight=400, stretch='normal', size='scalable')) = 11.05
2026-04-21 10:53:19,129 [DEBUG] matplotlib.font_manager: findfont: score(FontEntry(fname='c:\\Users\\deank\\sourcecode\\WeatherSnake\\.venv\\Lib\\site-packages\\matplotlib\\mpl-data\\fonts\\ttf\\DejaVuSansMono.ttf', name='DejaVu Sans Mono', style='normal', variant='normal', weight=400, stretch='normal', size='scalable')) = 10.05
2026-04-21 10:53:19,129 [DEBUG] matplotlib.font_manager: findfont: score(FontEntry(fname='c:\\Users\\deank\\sourcecode\\WeatherSnake\\.venv\\Lib\\site-packages\\matplotlib\\mpl-data\\fonts\\ttf\\STIXNonUniBolIta.ttf', name='STIXNonUnicode', style='italic', variant='normal', weight=700, stretch='normal', size='scalable')) = 11.335
2026-04-21 10:53:19,129 [DEBUG] matplotlib.font_manager: findfont: score(FontEntry(fname='c:\\Users\\deank\\sourcecode\\WeatherSnake\\.venv\\Lib\\site-packages\\matplotlib\\mpl-data\\fonts\\ttf\\cmsy10.ttf', name='cmsy10', style='normal', variant='normal', weight=400, stretch='normal', size='scalable')) = 10.05
2026-04-21 10:53:19,129 [DEBUG] matplotlib.font_manager: findfont: score(FontEntry(fname='c:\\Users\\deank\\sourcecode\\WeatherSnake\\.venv\\Lib\\site-packages\\matplotlib\\mpl-data\\fonts\\ttf\\cmex10.ttf', name='cmex10', style='normal', variant='normal', weight=400, stretch='normal', size='scalable')) = 10.05
2026-04-21 10:53:19,129 [DEBUG] matplotlib.font_manager: findfont: score(FontEntry(fname='c:\\Users\\deank\\sourcecode\\WeatherSnake\\.venv\\Lib\\site-packages\\matplotlib\\mpl-data\\fonts\\ttf\\DejaVuSerif.ttf', name='DejaVu Serif', style='normal', variant='normal', weight=400, stretch='normal', size='scalable')) = 10.05
2026-04-21 10:53:19,129 [DEBUG] matplotlib.font_manager: findfont: score(FontEntry(fname='c:\\Users\\deank\\sourcecode\\WeatherSnake\\.venv\\Lib\\site-packages\\matplotlib\\mpl-data\\fonts\\ttf\\STIXGeneral.ttf', name='STIXGeneral', style='normal', variant='normal', weight=400, stretch='normal', size='scalable')) = 10.05
2026-04-21 10:53:19,130 [DEBUG] matplotlib.font_manager: findfont: score(FontEntry(fname='c:\\Users\\deank\\sourcecode\\WeatherSnake\\.venv\\Lib\\site-packages\\matplotlib\\mpl-data\\fonts\\ttf\\STIXGeneralBolIta.ttf', name='STIXGeneral', style='italic', variant='normal', weight=700, stretch='normal', size='scalable')) = 11.335
2026-04-21 10:53:19,130 [DEBUG] matplotlib.font_manager: findfont: score(FontEntry(fname='c:\\Users\\deank\\sourcecode\\WeatherSnake\\.venv\\Lib\\site-packages\\matplotlib\\mpl-data\\fonts\\ttf\\STIXSizTwoSymBol.ttf', name='STIXSizeTwoSym', style='normal', variant='normal', weight=700, stretch='normal', size='scalable')) = 10.335
2026-04-21 10:53:19,130 [DEBUG] matplotlib.font_manager: findfont: score(FontEntry(fname='c:\\Users\\deank\\sourcecode\\WeatherSnake\\.venv\\Lib\\site-packages\\matplotlib\\mpl-data\\fonts\\ttf\\STIXSizOneSymBol.ttf', name='STIXSizeOneSym', style='normal', variant='normal', weight=700, stretch='normal', size='scalable')) = 10.335
2026-04-21 10:53:19,130 [DEBUG] matplotlib.font_manager: findfont: score(FontEntry(fname='c:\\Users\\deank\\sourcecode\\WeatherSnake\\.venv\\Lib\\site-packages\\matplotlib\\mpl-data\\fonts\\ttf\\STIXNonUniBol.ttf', name='STIXNonUnicode', style='normal', variant='normal', weight=700, stretch='normal', size='scalable')) = 10.335
2026-04-21 10:53:19,130 [DEBUG] matplotlib.font_manager: findfont: score(FontEntry(fname='c:\\Users\\deank\\sourcecode\\WeatherSnake\\.venv\\Lib\\site-packages\\matplotlib\\mpl-data\\fonts\\ttf\\STIXSizFourSymReg.ttf', name='STIXSizeFourSym', style='normal', variant='normal', weight=400, stretch='normal', size='scalable')) = 10.05
2026-04-21 10:53:19,130 [DEBUG] matplotlib.font_manager: findfont: score(FontEntry(fname='C:\\Windows\\Fonts\\ABCDiatypeMono-Bold-Trial.otf', name='ABC Diatype Mono Unlicensed Trial', style='normal', variant='normal', weight=700, stretch='normal', size='scalable')) = 10.335
2026-04-21 10:53:19,130 [DEBUG] matplotlib.font_manager: findfont: score(FontEntry(fname='C:\\Windows\\Fonts\\ABCDiatypeExtended-Medium-Trial.otf', name='ABC Diatype Extended Unlicensed Trial', style='normal', variant='normal', weight=500, stretch='expanded', size='scalable')) = 10.344999999999999
2026-04-21 10:53:19,130 [DEBUG] matplotlib.font_manager: findfont: score(FontEntry(fname='C:\\Users\\deank\\AppData\\Local\\Microsoft\\Windows\\Fonts\\Ubuntu-Bold.ttf', name='Ubuntu', style='normal', variant='normal', weight=700, stretch='normal', size='scalable')) = 10.335
2026-04-21 10:53:19,130 [DEBUG] matplotlib.font_manager: findfont: score(FontEntry(fname='C:\\Windows\\Fonts\\DUBAI-BOLD.TTF', name='Dubai', style='normal', variant='normal', weight=700, stretch='normal', size='scalable')) = 10.335
2026-04-21 10:53:19,130 [DEBUG] matplotlib.font_manager: findfont: score(FontEntry(fname='C:\\Windows\\Fonts\\CALIST.TTF', name='Calisto MT', style='normal', variant='normal', weight=400, stretch='normal', size='scalable')) = 10.05
2026-04-21 10:53:19,130 [DEBUG] matplotlib.font_manager: findfont: score(FontEntry(fname='C:\\Windows\\Fonts\\GLECB.TTF', name='Gloucester MT Extra Condensed', style='normal', variant='normal', weight=400, stretch='condensed', size='scalable')) = 10.25
2026-04-21 10:53:19,130 [DEBUG] matplotlib.font_manager: findfont: score(FontEntry(fname='C:\\Windows\\Fonts\\ABCDiatypeExtended-BoldItalic-Trial.otf', name='ABC Diatype Extended Unlicensed Trial', style='italic', variant='normal', weight=700, stretch='expanded', size='scalable')) = 11.535
2026-04-21 10:53:19,130 [DEBUG] matplotlib.font_manager: findfont: score(FontEntry(fname='C:\\Windows\\Fonts\\georgiab.ttf', name='Georgia', style='normal', variant='normal', weight=700, stretch='normal', size='scalable')) = 10.335
2026-04-21 10:53:19,130 [DEBUG] matplotlib.font_manager: findfont: score(FontEntry(fname='C:\\Windows\\Fonts\\msgothic.ttc', name='MS Gothic', style='normal', variant='normal', weight=400, stretch='normal', size='scalable')) = 10.05
2026-04-21 10:53:19,130 [DEBUG] matplotlib.font_manager: findfont: score(FontEntry(fname='C:\\Windows\\Fonts\\timesi.ttf', name='Times New Roman', style='italic', variant='normal', weight=400, stretch='normal', size='scalable')) = 11.05
2026-04-21 10:53:19,130 [DEBUG] matplotlib.font_manager: findfont: score(FontEntry(fname='C:\\Windows\\Fonts\\PERI____.TTF', name='Perpetua', style='italic', variant='normal', weight=400, stretch='normal', size='scalable')) = 11.05
2026-04-21 10:53:19,130 [DEBUG] matplotlib.font_manager: findfont: score(FontEntry(fname='C:\\Windows\\Fonts\\SHOWG.TTF', name='Showcard Gothic', style='normal', variant='normal', weight=400, stretch='normal', size='scalable')) = 10.05
2026-04-21 10:53:19,130 [DEBUG] matplotlib.font_manager: findfont: score(FontEntry(fname='C:\\Windows\\Fonts\\CENTAUR.TTF', name='Centaur', style='normal', variant='normal', weight=400, stretch='normal', size='scalable')) = 10.05
2026-04-21 10:53:19,130 [DEBUG] matplotlib.font_manager: findfont: score(FontEntry(fname='C:\\Windows\\Fonts\\seguisbi.ttf', name='Segoe UI', style='italic', variant='normal', weight=600, stretch='normal', size='scalable')) = 11.24
2026-04-21 10:53:19,130 [DEBUG] matplotlib.font_manager: findfont: score(FontEntry(fname='C:\\Windows\\Fonts\\FELIXTI.TTF', name='Felix Titling', style='normal', variant='normal', weight=400, stretch='normal', size='scalable')) = 10.05
2026-04-21 10:53:19,130 [DEBUG] matplotlib.font_manager: findfont: score(FontEntry(fname='C:\\Windows\\Fonts\\segoepr.ttf', name='Segoe Print', style='normal', variant='normal', weight=400, stretch='normal', size='scalable')) = 10.05
2026-04-21 10:53:19,130 [DEBUG] matplotlib.font_manager: findfont: score(FontEntry(fname='C:\\Windows\\Fonts\\consolai.ttf', name='Consolas', style='italic', variant='normal', weight=400, stretch='normal', size='scalable')) = 11.05
2026-04-21 10:53:19,130 [DEBUG] matplotlib.font_manager: findfont: score(FontEntry(fname='C:\\Windows\\Fonts\\calibril.ttf', name='Calibri', style='normal', variant='normal', weight=300, stretch='normal', size='scalable')) = 10.145
2026-04-21 10:53:19,130 [DEBUG] matplotlib.font_manager: findfont: score(FontEntry(fname='C:\\Windows\\Fonts\\FRADMIT.TTF', name='Franklin Gothic Demi', style='italic', variant='normal', weight=400, stretch='normal', size='scalable')) = 11.05
2026-04-21 10:53:19,130 [DEBUG] matplotlib.font_manager: findfont: score(FontEntry(fname='C:\\Windows\\Fonts\\GOUDOSB.TTF', name='Goudy Old Style', style='normal', variant='normal', weight=700, stretch='normal', size='scalable')) = 10.335
2026-04-21 10:53:19,130 [DEBUG] matplotlib.font_manager: findfont: score(FontEntry(fname='C:\\Windows\\Fonts\\LTYPEBO.TTF', name='Lucida Sans Typewriter', style='oblique', variant='normal', weight=600, stretch='normal', size='scalable')) = 11.24
2026-04-21 10:53:19,130 [DEBUG] matplotlib.font_manager: findfont: score(FontEntry(fname='C:\\Windows\\Fonts\\ELEPHNTI.TTF', name='Elephant', style='italic', variant='normal', weight=400, stretch='normal', size='scalable')) = 11.05
2026-04-21 10:53:19,130 [DEBUG] matplotlib.font_manager: findfont: score(FontEntry(fname='C:\\Windows\\Fonts\\SegoeWP-Bold_0.ttf', name='Segoe WP', style='normal', variant='normal', weight=700, stretch='normal', size='scalable')) = 10.335
2026-04-21 10:53:19,130 [DEBUG] matplotlib.font_manager: findfont: score(FontEntry(fname='C:\\Windows\\Fonts\\calibrii.ttf', name='Calibri', style='italic', variant='normal', weight=400, stretch='normal', size='scalable')) = 11.05
2026-04-21 10:53:19,130 [DEBUG] matplotlib.font_manager: findfont: score(FontEntry(fname='C:\\Windows\\Fonts\\BOD_CR.TTF', name='Bodoni MT', style='normal', variant='normal', weight=400, stretch='condensed', size='scalable')) = 10.25
2026-04-21 10:53:19,130 [DEBUG] matplotlib.font_manager: findfont: score(FontEntry(fname='C:\\Windows\\Fonts\\ABCDiatypeCondensed-Bold-Trial.otf', name='ABC Diatype Condensed Unlicensed Trial', style='normal', variant='normal', weight=700, stretch='condensed', size='scalable')) = 10.535
2026-04-21 10:53:19,130 [DEBUG] matplotlib.font_manager: findfont: score(FontEntry(fname='C:\\Windows\\Fonts\\ABCDiatypeCondensed-MediumItalic-Trial.otf', name='ABC Diatype Condensed Unlicensed Trial', style='italic', variant='normal', weight=500, stretch='condensed', size='scalable')) = 11.344999999999999
2026-04-21 10:53:19,130 [DEBUG] matplotlib.font_manager: findfont: score(FontEntry(fname='C:\\Windows\\Fonts\\seguisli.ttf', name='Segoe UI', style='italic', variant='normal', weight=350, stretch='normal', size='scalable')) = 11.0975
2026-04-21 10:53:19,130 [DEBUG] matplotlib.font_manager: findfont: score(FontEntry(fname='C:\\Windows\\Fonts\\Poppins-Medium.ttf', name='Poppins', style='normal', variant='normal', weight=500, stretch='normal', size='scalable')) = 10.145
2026-04-21 10:53:19,130 [DEBUG] matplotlib.font_manager: findfont: score(FontEntry(fname='C:\\Windows\\Fonts\\JUICE___.TTF', name='Juice ITC', style='normal', variant='normal', weight=400, stretch='normal', size='scalable')) = 10.05
2026-04-21 10:53:19,131 [DEBUG] matplotlib.font_manager: findfont: score(FontEntry(fname='C:\\Windows\\Fonts\\YuGothR.ttc', name='Yu Gothic', style='normal', variant='normal', weight=400, stretch='normal', size='scalable')) = 10.05
2026-04-21 10:53:19,131 [DEBUG] matplotlib.font_manager: findfont: score(FontEntry(fname='C:\\Windows\\Fonts\\BELL.TTF', name='Bell MT', style='normal', variant='normal', weight=400, stretch='normal', size='scalable')) = 10.05
2026-04-21 10:53:19,131 [DEBUG] matplotlib.font_manager: findfont: score(FontEntry(fname='C:\\Windows\\Fonts\\JOKERMAN.TTF', name='Jokerman', style='normal', variant='normal', weight=400, stretch='normal', size='scalable')) = 10.05
2026-04-21 10:53:19,131 [DEBUG] matplotlib.font_manager: findfont: score(FontEntry(fname='C:\\Windows\\Fonts\\ABCDiatypeSemi-Mono-Light-Trial.otf', name='ABC Diatype Semi-Mono Unlicensed Trial', style='normal', variant='normal', weight=300, stretch='normal', size='scalable')) = 10.145
2026-04-21 10:53:19,131 [DEBUG] matplotlib.font_manager: findfont: score(FontEntry(fname='C:\\Windows\\Fonts\\Gabriola.ttf', name='Gabriola', style='normal', variant='normal', weight=400, stretch='normal', size='scalable')) = 10.05
2026-04-21 10:53:19,131 [DEBUG] matplotlib.font_manager: findfont: score(FontEntry(fname='C:\\Windows\\Fonts\\HATTEN.TTF', name='Haettenschweiler', style='normal', variant='normal', weight=400, stretch='normal', size='scalable')) = 10.05
2026-04-21 10:53:19,131 [DEBUG] matplotlib.font_manager: findfont: score(FontEntry(fname='C:\\Windows\\Fonts\\lucon.ttf', name='Lucida Console', style='normal', variant='normal', weight=400, stretch='normal', size='scalable')) = 10.05
2026-04-21 10:53:19,131 [DEBUG] matplotlib.font_manager: findfont: score(FontEntry(fname='C:\\Users\\deank\\AppData\\Local\\Microsoft\\Windows\\Fonts\\Ubuntu-Italic.ttf', name='Ubuntu', style='italic', variant='normal', weight=400, stretch='normal', size='scalable')) = 11.05
2026-04-21 10:53:19,131 [DEBUG] matplotlib.font_manager: findfont: score(FontEntry(fname='C:\\Windows\\Fonts\\LFAXDI.TTF', name='Lucida Fax', style='italic', variant='normal', weight=600, stretch='normal', size='scalable')) = 11.24
2026-04-21 10:53:19,131 [DEBUG] matplotlib.font_manager: findfont: score(FontEntry(fname='C:\\Windows\\Fonts\\Poppins-Regular.ttf', name='Poppins', style='normal', variant='normal', weight=400, stretch='normal', size='scalable')) = 10.05
2026-04-21 10:53:19,131 [DEBUG] matplotlib.font_manager: findfont: score(FontEntry(fname='C:\\Windows\\Fonts\\bahnschrift.ttf', name='Bahnschrift', style='normal', variant='normal', weight=400, stretch='normal', size='scalable')) = 10.05
2026-04-21 10:53:19,131 [DEBUG] matplotlib.font_manager: findfont: score(FontEntry(fname='C:\\Windows\\Fonts\\segoeprb.ttf', name='Segoe Print', style='normal', variant='normal', weight=700, stretch='normal', size='scalable')) = 10.335
2026-04-21 10:53:19,131 [DEBUG] matplotlib.font_manager: findfont: score(FontEntry(fname='C:\\Windows\\Fonts\\simsun.ttc', name='SimSun', style='normal', variant='normal', weight=400, stretch='normal', size='scalable')) = 10.05
2026-04-21 10:53:19,131 [DEBUG] matplotlib.font_manager: findfont: score(FontEntry(fname='C:\\Windows\\Fonts\\FRAHVIT.TTF', name='Franklin Gothic Heavy', style='italic', variant='normal', weight=400, stretch='normal', size='scalable')) = 11.05
2026-04-21 10:53:19,131 [DEBUG] matplotlib.font_manager: findfont: score(FontEntry(fname='C:\\Windows\\Fonts\\SegoeIcons.ttf', name='Segoe Fluent Icons', style='normal', variant='normal', weight=400, stretch='normal', size='scalable')) = 10.05
2026-04-21 10:53:19,131 [DEBUG] matplotlib.font_manager: findfont: score(FontEntry(fname='C:\\Windows\\Fonts\\constani.ttf', name='Constantia', style='italic', variant='normal', weight=400, stretch='normal', size='scalable')) = 11.05
2026-04-21 10:53:19,131 [DEBUG] matplotlib.font_manager: findfont: score(FontEntry(fname='C:\\Windows\\Fonts\\ERASMD.TTF', name='Eras Medium ITC', style='normal', variant='normal', weight=400, stretch='normal', size='scalable')) = 10.05
2026-04-21 10:53:19,131 [DEBUG] matplotlib.font_manager: findfont: score(FontEntry(fname='C:\\Windows\\Fonts\\ROCCB___.TTF', name='Rockwell Condensed', style='normal', variant='normal', weight=700, stretch='condensed', size='scalable')) = 10.535
2026-04-21 10:53:19,131 [DEBUG] matplotlib.font_manager: findfont: score(FontEntry(fname='C:\\Windows\\Fonts\\segoeuii.ttf', name='Segoe UI', style='italic', variant='normal', weight=400, stretch='normal', size='scalable')) = 11.05
2026-04-21 10:53:19,131 [DEBUG] matplotlib.font_manager: findfont: score(FontEntry(fname='C:\\Windows\\Fonts\\GOTHICB.TTF', name='Century Gothic', style='normal', variant='normal', weight=700, stretch='normal', size='scalable')) = 10.335
2026-04-21 10:53:19,131 [DEBUG] matplotlib.font_manager: findfont: score(FontEntry(fname='C:\\Windows\\Fonts\\WINGDNG2.TTF', name='Wingdings 2', style='normal', variant='normal', weight=400, stretch='normal', size='scalable')) = 10.05
2026-04-21 10:53:19,131 [DEBUG] matplotlib.font_manager: findfont: score(FontEntry(fname='C:\\Windows\\Fonts\\LBRITE.TTF', name='Lucida Bright', style='normal', variant='normal', weight=400, stretch='normal', size='scalable')) = 10.05
2026-04-21 10:53:19,131 [DEBUG] matplotlib.font_manager: findfont: score(FontEntry(fname='C:\\Windows\\Fonts\\Inter-SemiBold.ttf', name='Inter', style='normal', variant='normal', weight=600, stretch='normal', size='scalable')) = 10.24
2026-04-21 10:53:19,131 [DEBUG] matplotlib.font_manager: findfont: score(FontEntry(fname='C:\\Users\\deank\\AppData\\Local\\Microsoft\\Windows\\Fonts\\ABC Diatype.ttf', name='ABC Diatype', style='normal', variant='normal', weight=700, stretch='normal', size='scalable')) = 10.335
2026-04-21 10:53:19,131 [DEBUG] matplotlib.font_manager: findfont: score(FontEntry(fname='C:\\Windows\\Fonts\\GARABD.TTF', name='Garamond', style='normal', variant='normal', weight=700, stretch='normal', size='scalable')) = 10.335
2026-04-21 10:53:19,131 [DEBUG] matplotlib.font_manager: findfont: score(FontEntry(fname='C:\\Windows\\Fonts\\ABCDiatype-Bold-Trial.otf', name='ABC Diatype Unlicensed Trial', style='normal', variant='normal', weight=700, stretch='normal', size='scalable')) = 10.335
2026-04-21 10:53:19,131 [DEBUG] matplotlib.font_manager: findfont: score(FontEntry(fname='C:\\Windows\\Fonts\\simsunb.ttf', name='SimSun-ExtB', style='normal', variant='normal', weight=400, stretch='normal', size='scalable')) = 10.05
2026-04-21 10:53:19,131 [DEBUG] matplotlib.font_manager: findfont: score(FontEntry(fname='C:\\Windows\\Fonts\\LBRITED.TTF', name='Lucida Bright', style='normal', variant='normal', weight=600, stretch='normal', size='scalable')) = 10.24
2026-04-21 10:53:19,131 [DEBUG] matplotlib.font_manager: findfont: score(FontEntry(fname='C:\\Windows\\Fonts\\tahomabd.ttf', name='Tahoma', style='normal', variant='normal', weight=700, stretch='normal', size='scalable')) = 10.335
2026-04-21 10:53:19,131 [DEBUG] matplotlib.font_manager: findfont: score(FontEntry(fname='C:\\Windows\\Fonts\\timesbd.ttf', name='Times New Roman', style='normal', variant='normal', weight=700, stretch='normal', size='scalable')) = 10.335
2026-04-21 10:53:19,131 [DEBUG] matplotlib.font_manager: findfont: score(FontEntry(fname='C:\\Windows\\Fonts\\COPRGTL.TTF', name='Copperplate Gothic Light', style='normal', variant='normal', weight=400, stretch='normal', size='scalable')) = 10.05
2026-04-21 10:53:19,131 [DEBUG] matplotlib.font_manager: findfont: score(FontEntry(fname='C:\\Windows\\Fonts\\SCHLBKB.TTF', name='Century Schoolbook', style='normal', variant='normal', weight=700, stretch='normal', size='scalable')) = 10.335
2026-04-21 10:53:19,131 [DEBUG] matplotlib.font_manager: findfont: score(FontEntry(fname='C:\\Windows\\Fonts\\l_10646.ttf', name='Lucida Sans Unicode', style='normal', variant='normal', weight=400, stretch='normal', size='scalable')) = 10.05
2026-04-21 10:53:19,131 [DEBUG] matplotlib.font_manager: findfont: score(FontEntry(fname='C:\\Windows\\Fonts\\calibrili.ttf', name='Calibri', style='italic', variant='normal', weight=300, stretch='normal', size='scalable')) = 11.145
2026-04-21 10:53:19,131 [DEBUG] matplotlib.font_manager: findfont: score(FontEntry(fname='C:\\Windows\\Fonts\\HTOWERTI.TTF', name='High Tower Text', style='italic', variant='normal', weight=400, stretch='normal', size='scalable')) = 11.05
2026-04-21 10:53:19,131 [DEBUG] matplotlib.font_manager: findfont: score(FontEntry(fname='C:\\Windows\\Fonts\\GOTHIC.TTF', name='Century Gothic', style='normal', variant='normal', weight=400, stretch='normal', size='scalable')) = 10.05
2026-04-21 10:53:19,131 [DEBUG] matplotlib.font_manager: findfont: score(FontEntry(fname='C:\\Windows\\Fonts\\ABCDiatypeExpanded-MediumItalic-Trial.otf', name='ABC Diatype Expanded Unlicensed Trial', style='italic', variant='normal', weight=500, stretch='expanded', size='scalable')) = 11.344999999999999
2026-04-21 10:53:19,131 [DEBUG] matplotlib.font_manager: findfont: score(FontEntry(fname='C:\\Windows\\Fonts\\GILC____.TTF', name='Gill Sans MT Condensed', style='normal', variant='normal', weight=400, stretch='condensed', size='scalable')) = 10.25
2026-04-21 10:53:19,131 [DEBUG] matplotlib.font_manager: findfont: score(FontEntry(fname='C:\\Windows\\Fonts\\malgunbd.ttf', name='Malgun Gothic', style='normal', variant='normal', weight=700, stretch='normal', size='scalable')) = 10.335
2026-04-21 10:53:19,131 [DEBUG] matplotlib.font_manager: findfont: score(FontEntry(fname='C:\\Windows\\Fonts\\CALIFB.TTF', name='Californian FB', style='normal', variant='normal', weight=700, stretch='normal', size='scalable')) = 10.335
2026-04-21 10:53:19,132 [DEBUG] matplotlib.font_manager: findfont: score(FontEntry(fname='C:\\Windows\\Fonts\\OCRAEXT.TTF', name='OCR A Extended', style='normal', variant='normal', weight=400, stretch='expanded', size='scalable')) = 10.25
2026-04-21 10:53:19,132 [DEBUG] matplotlib.font_manager: findfont: score(FontEntry(fname='C:\\Windows\\Fonts\\BOD_BLAI.TTF', name='Bodoni MT', style='italic', variant='normal', weight=900, stretch='normal', size='scalable')) = 11.525
2026-04-21 10:53:19,132 [DEBUG] matplotlib.font_manager: findfont: score(FontEntry(fname='C:\\Windows\\Fonts\\SCRIPTBL.TTF', name='Script MT Bold', style='normal', variant='normal', weight=700, stretch='normal', size='scalable')) = 10.335
2026-04-21 10:53:19,132 [DEBUG] matplotlib.font_manager: findfont: score(FontEntry(fname='C:\\Windows\\Fonts\\malgunsl.ttf', name='Malgun Gothic', style='normal', variant='normal', weight=300, stretch='normal', size='scalable')) = 10.145
2026-04-21 10:53:19,132 [DEBUG] matplotlib.font_manager: findfont: score(FontEntry(fname='C:\\Windows\\Fonts\\BRADHITC.TTF', name='Bradley Hand ITC', style='normal', variant='normal', weight=400, stretch='normal', size='scalable')) = 10.05
2026-04-21 10:53:19,132 [DEBUG] matplotlib.font_manager: findfont: score(FontEntry(fname='C:\\Windows\\Fonts\\ROCKB.TTF', name='Rockwell', style='normal', variant='normal', weight=700, stretch='normal', size='scalable')) = 10.335
2026-04-21 10:53:19,132 [DEBUG] matplotlib.font_manager: findfont: score(FontEntry(fname='C:\\Windows\\Fonts\\calibriz.ttf', name='Calibri', style='italic', variant='normal', weight=700, stretch='normal', size='scalable')) = 11.335
2026-04-21 10:53:19,132 [DEBUG] matplotlib.font_manager: findfont: score(FontEntry(fname='C:\\Users\\deank\\AppData\\Local\\Microsoft\\Windows\\Fonts\\Ubuntu-Light.ttf', name='Ubuntu', style='normal', variant='normal', weight=300, stretch='normal', size='scalable')) = 10.145
2026-04-21 10:53:19,132 [DEBUG] matplotlib.font_manager: findfont: score(FontEntry(fname='C:\\Windows\\Fonts\\ABCDiatypeSemi-Mono-HeavyItalic-Trial.otf', name='ABC Diatype Semi-Mono Unlicensed Trial', style='italic', variant='normal', weight=800, stretch='normal', size='scalable')) = 11.43
2026-04-21 10:53:19,132 [DEBUG] matplotlib.font_manager: findfont: score(FontEntry(fname='C:\\Windows\\Fonts\\ABCDiatypePlusVariable-Trial.ttf', name='ABC Diatype Plus Variable Unlicensed Trial', style='normal', variant='normal', weight=400, stretch='normal', size='scalable')) = 10.05
2026-04-21 10:53:19,132 [DEBUG] matplotlib.font_manager: findfont: score(FontEntry(fname='C:\\Windows\\Fonts\\cambria.ttc', name='Cambria', style='normal', variant='normal', weight=400, stretch='normal', size='scalable')) = 10.05
2026-04-21 10:53:19,132 [DEBUG] matplotlib.font_manager: findfont: score(FontEntry(fname='C:\\Windows\\Fonts\\calibri.ttf', name='Calibri', style='normal', variant='normal', weight=400, stretch='normal', size='scalable')) = 10.05
2026-04-21 10:53:19,132 [DEBUG] matplotlib.font_manager: findfont: score(FontEntry(fname='C:\\Windows\\Fonts\\IMPRISHA.TTF', name='Imprint MT Shadow', style='normal', variant='normal', weight=400, stretch='normal', size='scalable')) = 10.05
2026-04-21 10:53:19,132 [DEBUG] matplotlib.font_manager: findfont: score(FontEntry(fname='C:\\Windows\\Fonts\\gadugib.ttf', name='Gadugi', style='normal', variant='normal', weight=700, stretch='normal', size='scalable')) = 10.335
2026-04-21 10:53:19,132 [DEBUG] matplotlib.font_manager: findfont: score(FontEntry(fname='C:\\Windows\\Fonts\\ABCDiatypeMono-RegularItalic-Trial.otf', name='ABC Diatype Mono Unlicensed Trial', style='italic', variant='normal', weight=400, stretch='normal', size='scalable')) = 11.05
2026-04-21 10:53:19,132 [DEBUG] matplotlib.font_manager: findfont: score(FontEntry(fname='C:\\Windows\\Fonts\\LSANSDI.TTF', name='Lucida Sans', style='italic', variant='normal', weight=600, stretch='normal', size='scalable')) = 11.24
2026-04-21 10:53:19,132 [DEBUG] matplotlib.font_manager: findfont: score(FontEntry(fname='C:\\Windows\\Fonts\\wingding.ttf', name='Wingdings', style='normal', variant='normal', weight=400, stretch='normal', size='scalable')) = 10.05
2026-04-21 10:53:19,132 [DEBUG] matplotlib.font_manager: findfont: score(FontEntry(fname='C:\\Windows\\Fonts\\ABCDiatypeMono-BoldItalic-Trial.otf', name='ABC Diatype Mono Unlicensed Trial', style='italic', variant='normal', weight=700, stretch='normal', size='scalable')) = 11.335
2026-04-21 10:53:19,132 [DEBUG] matplotlib.font_manager: findfont: score(FontEntry(fname='C:\\Windows\\Fonts\\LSANS.TTF', name='Lucida Sans', style='normal', variant='normal', weight=400, stretch='normal', size='scalable')) = 10.05
2026-04-21 10:53:19,132 [DEBUG] matplotlib.font_manager: findfont: score(FontEntry(fname='C:\\Windows\\Fonts\\trebucbi.ttf', name='Trebuchet MS', style='italic', variant='normal', weight=700, stretch='normal', size='scalable')) = 11.335
2026-04-21 10:53:19,132 [DEBUG] matplotlib.font_manager: findfont: score(FontEntry(fname='C:\\Windows\\Fonts\\ABCDiatypeVariable-Trial.ttf', name='ABC Diatype Variable Unlicensed Trial', style='normal', variant='normal', weight=400, stretch='normal', size='scalable')) = 10.05
2026-04-21 10:53:19,132 [DEBUG] matplotlib.font_manager: findfont: score(FontEntry(fname='C:\\Windows\\Fonts\\framd.ttf', name='Franklin Gothic Medium', style='normal', variant='normal', weight=400, stretch='normal', size='scalable')) = 10.05
2026-04-21 10:53:19,132 [DEBUG] matplotlib.font_manager: findfont: score(FontEntry(fname='C:\\Windows\\Fonts\\ABCDiatypeExpanded-Bold-Trial.otf', name='ABC Diatype Expanded Unlicensed Trial', style='normal', variant='normal', weight=700, stretch='expanded', size='scalable')) = 10.535
2026-04-21 10:53:19,132 [DEBUG] matplotlib.font_manager: findfont: score(FontEntry(fname='C:\\Windows\\Fonts\\YuGothM.ttc', name='Yu Gothic', style='normal', variant='normal', weight=500, stretch='normal', size='scalable')) = 10.145
2026-04-21 10:53:19,132 [DEBUG] matplotlib.font_manager: findfont: score(FontEntry(fname='C:\\Windows\\Fonts\\VIVALDII.TTF', name='Vivaldi', style='italic', variant='normal', weight=400, stretch='normal', size='scalable')) = 11.05
2026-04-21 10:53:19,132 [DEBUG] matplotlib.font_manager: findfont: score(FontEntry(fname='C:\\Windows\\Fonts\\GOTHICI.TTF', name='Century Gothic', style='italic', variant='normal', weight=400, stretch='normal', size='scalable')) = 11.05
2026-04-21 10:53:19,132 [DEBUG] matplotlib.font_manager: findfont: score(FontEntry(fname='C:\\Windows\\Fonts\\BOD_CB.TTF', name='Bodoni MT', style='normal', variant='normal', weight=700, stretch='condensed', size='scalable')) = 10.535
2026-04-21 10:53:19,132 [DEBUG] matplotlib.font_manager: findfont: score(FontEntry(fname='C:\\Windows\\Fonts\\SNAP____.TTF', name='Snap ITC', style='normal', variant='normal', weight=400, stretch='normal', size='scalable')) = 10.05
2026-04-21 10:53:19,132 [DEBUG] matplotlib.font_manager: findfont: score(FontEntry(fname='C:\\Windows\\Fonts\\ABCDiatypeCompressed-MediumItalic-Trial.otf', name='ABC Diatype Compressed Unlicensed Trial', style='italic', variant='normal', weight=500, stretch='normal', size='scalable')) = 11.145
2026-04-21 10:53:19,132 [DEBUG] matplotlib.font_manager: findfont: score(FontEntry(fname='C:\\Windows\\Fonts\\verdanai.ttf', name='Verdana', style='italic', variant='normal', weight=400, stretch='normal', size='scalable')) = 4.6863636363636365
2026-04-21 10:53:19,132 [DEBUG] matplotlib.font_manager: findfont: score(FontEntry(fname='C:\\Users\\deank\\AppData\\Local\\Microsoft\\Windows\\Fonts\\Ubuntu-Regular.ttf', name='Ubuntu', style='normal', variant='normal', weight=400, stretch='normal', size='scalable')) = 10.05
2026-04-21 10:53:19,132 [DEBUG] matplotlib.font_manager: findfont: score(FontEntry(fname='C:\\Windows\\Fonts\\ABCDiatypeMono-Thin-Trial.otf', name='ABC Diatype Mono Unlicensed Trial', style='normal', variant='normal', weight=200, stretch='normal', size='scalable')) = 10.24
2026-04-21 10:53:19,132 [DEBUG] matplotlib.font_manager: findfont: score(FontEntry(fname='C:\\Windows\\Fonts\\ABCDiatypeSemi-Mono-BoldItalic-Trial.otf', name='ABC Diatype Semi-Mono Unlicensed Trial', style='italic', variant='normal', weight=700, stretch='normal', size='scalable')) = 11.335
2026-04-21 10:53:19,132 [DEBUG] matplotlib.font_manager: findfont: score(FontEntry(fname='C:\\Windows\\Fonts\\ROCKI.TTF', name='Rockwell', style='italic', variant='normal', weight=400, stretch='normal', size='scalable')) = 11.05
2026-04-21 10:53:19,132 [DEBUG] matplotlib.font_manager: findfont: score(FontEntry(fname='C:\\Windows\\Fonts\\GARAIT.TTF', name='Garamond', style='italic', variant='normal', weight=400, stretch='normal', size='scalable')) = 11.05
2026-04-21 10:53:19,132 [DEBUG] matplotlib.font_manager: findfont: score(FontEntry(fname='C:\\Windows\\Fonts\\DUBAI-LIGHT.TTF', name='Dubai', style='normal', variant='normal', weight=300, stretch='normal', size='scalable')) = 10.145
2026-04-21 10:53:19,132 [DEBUG] matplotlib.font_manager: findfont: score(FontEntry(fname='C:\\Windows\\Fonts\\segoeuib.ttf', name='Segoe UI', style='normal', variant='normal', weight=700, stretch='normal', size='scalable')) = 10.335
2026-04-21 10:53:19,132 [DEBUG] matplotlib.font_manager: findfont: score(FontEntry(fname='C:\\Windows\\Fonts\\SegoeWP-Semibold_0.ttf', name='Segoe WP Semibold', style='normal', variant='normal', weight=600, stretch='normal', size='scalable')) = 10.24
2026-04-21 10:53:19,132 [DEBUG] matplotlib.font_manager: findfont: score(FontEntry(fname='C:\\Windows\\Fonts\\ABCDiatypeExpanded-ThinItalic-Trial.otf', name='ABC Diatype Expanded Unlicensed Trial', style='italic', variant='normal', weight=200, stretch='expanded', size='scalable')) = 11.44
2026-04-21 10:53:19,133 [DEBUG] matplotlib.font_manager: findfont: score(FontEntry(fname='C:\\Windows\\Fonts\\ABCDiatype-MediumItalic-Trial.otf', name='ABC Diatype Unlicensed Trial', style='italic', variant='normal', weight=500, stretch='normal', size='scalable')) = 11.145
2026-04-21 10:53:19,133 [DEBUG] matplotlib.font_manager: findfont: score(FontEntry(fname='C:\\Windows\\Fonts\\ABCDiatypeSemi-Mono-Bold-Trial.otf', name='ABC Diatype Semi-Mono Unlicensed Trial', style='normal', variant='normal', weight=700, stretch='normal', size='scalable')) = 10.335
2026-04-21 10:53:19,133 [DEBUG] matplotlib.font_manager: findfont: score(FontEntry(fname='C:\\Windows\\Fonts\\framdit.ttf', name='Franklin Gothic Medium', style='italic', variant='normal', weight=400, stretch='normal', size='scalable')) = 11.05
2026-04-21 10:53:19,133 [DEBUG] matplotlib.font_manager: findfont: score(FontEntry(fname='C:\\Windows\\Fonts\\FRABK.TTF', name='Franklin Gothic Book', style='normal', variant='normal', weight=400, stretch='normal', size='scalable')) = 10.05
2026-04-21 10:53:19,133 [DEBUG] matplotlib.font_manager: findfont: score(FontEntry(fname='C:\\Windows\\Fonts\\NIAGSOL.TTF', name='Niagara Solid', style='normal', variant='normal', weight=400, stretch='normal', size='scalable')) = 10.05
2026-04-21 10:53:19,133 [DEBUG] matplotlib.font_manager: findfont: score(FontEntry(fname='C:\\Windows\\Fonts\\REFSAN.TTF', name='MS Reference Sans Serif', style='normal', variant='normal', weight=400, stretch='normal', size='scalable')) = 10.05
2026-04-21 10:53:19,133 [DEBUG] matplotlib.font_manager: findfont: score(FontEntry(fname='C:\\Windows\\Fonts\\HARLOWSI.TTF', name='Harlow Solid Italic', style='italic', variant='normal', weight=400, stretch='normal', size='scalable')) = 11.05
2026-04-21 10:53:19,133 [DEBUG] matplotlib.font_manager: findfont: score(FontEntry(fname='C:\\Windows\\Fonts\\consolaz.ttf', name='Consolas', style='italic', variant='normal', weight=700, stretch='normal', size='scalable')) = 11.335
2026-04-21 10:53:19,133 [DEBUG] matplotlib.font_manager: findfont: score(FontEntry(fname='C:\\Windows\\Fonts\\segoeuisl.ttf', name='Segoe UI', style='normal', variant='normal', weight=350, stretch='normal', size='scalable')) = 10.0975
2026-04-21 10:53:19,133 [DEBUG] matplotlib.font_manager: findfont: score(FontEntry(fname='C:\\Windows\\Fonts\\ALGER.TTF', name='Algerian', style='normal', variant='normal', weight=400, stretch='normal', size='scalable')) = 10.05
2026-04-21 10:53:19,133 [DEBUG] matplotlib.font_manager: findfont: score(FontEntry(fname='C:\\Windows\\Fonts\\CURLZ___.TTF', name='Curlz MT', style='normal', variant='normal', weight=400, stretch='normal', size='scalable')) = 10.05
2026-04-21 10:53:19,133 [DEBUG] matplotlib.font_manager: findfont: score(FontEntry(fname='C:\\Windows\\Fonts\\constanz.ttf', name='Constantia', style='italic', variant='normal', weight=700, stretch='normal', size='scalable')) = 11.335
2026-04-21 10:53:19,133 [DEBUG] matplotlib.font_manager: findfont: score(FontEntry(fname='C:\\Windows\\Fonts\\BRLNSR.TTF', name='Berlin Sans FB', style='normal', variant='normal', weight=400, stretch='normal', size='scalable')) = 10.05
2026-04-21 10:53:19,133 [DEBUG] matplotlib.font_manager: findfont: score(FontEntry(fname='C:\\Windows\\Fonts\\times.ttf', name='Times New Roman', style='normal', variant='normal', weight=400, stretch='normal', size='scalable')) = 10.05
2026-04-21 10:53:19,133 [DEBUG] matplotlib.font_manager: findfont: score(FontEntry(fname='C:\\Windows\\Fonts\\FTLTLT.TTF', name='Footlight MT Light', style='normal', variant='normal', weight=300, stretch='normal', size='scalable')) = 10.145
2026-04-21 10:53:19,133 [DEBUG] matplotlib.font_manager: findfont: score(FontEntry(fname='C:\\Windows\\Fonts\\trebuc.ttf', name='Trebuchet MS', style='normal', variant='normal', weight=400, stretch='normal', size='scalable')) = 10.05
2026-04-21 10:53:19,133 [DEBUG] matplotlib.font_manager: findfont: score(FontEntry(fname='C:\\Windows\\Fonts\\ABCDiatype-ThinItalic-Trial.otf', name='ABC Diatype Unlicensed Trial', style='italic', variant='normal', weight=200, stretch='normal', size='scalable')) = 11.24
2026-04-21 10:53:19,133 [DEBUG] matplotlib.font_manager: findfont: score(FontEntry(fname='C:\\Windows\\Fonts\\ABCDiatypeCompressed-LightItalic-Trial.otf', name='ABC Diatype Compressed Unlicensed Trial', style='italic', variant='normal', weight=300, stretch='normal', size='scalable')) = 11.145
2026-04-21 10:53:19,133 [DEBUG] matplotlib.font_manager: findfont: score(FontEntry(fname='C:\\Windows\\Fonts\\monbaiti.ttf', name='Mongolian Baiti', style='normal', variant='normal', weight=400, stretch='normal', size='scalable')) = 10.05
2026-04-21 10:53:19,133 [DEBUG] matplotlib.font_manager: findfont: score(FontEntry(fname='C:\\Windows\\Fonts\\ROCK.TTF', name='Rockwell', style='normal', variant='normal', weight=400, stretch='normal', size='scalable')) = 10.05
2026-04-21 10:53:19,133 [DEBUG] matplotlib.font_manager: findfont: score(FontEntry(fname='C:\\Windows\\Fonts\\GILBI___.TTF', name='Gill Sans MT', style='italic', variant='normal', weight=700, stretch='normal', size='scalable')) = 11.335
2026-04-21 10:53:19,133 [DEBUG] matplotlib.font_manager: findfont: score(FontEntry(fname='C:\\Windows\\Fonts\\KUNSTLER.TTF', name='Kunstler Script', style='normal', variant='normal', weight=400, stretch='normal', size='scalable')) = 10.05
2026-04-21 10:53:19,133 [DEBUG] matplotlib.font_manager: findfont: score(FontEntry(fname='C:\\Windows\\Fonts\\POORICH.TTF', name='Poor Richard', style='normal', variant='normal', weight=400, stretch='normal', size='scalable')) = 10.05
2026-04-21 10:53:19,133 [DEBUG] matplotlib.font_manager: findfont: score(FontEntry(fname='C:\\Windows\\Fonts\\PERBI___.TTF', name='Perpetua', style='italic', variant='normal', weight=700, stretch='normal', size='scalable')) = 11.335
2026-04-21 10:53:19,133 [DEBUG] matplotlib.font_manager: findfont: score(FontEntry(fname='C:\\Windows\\Fonts\\BOD_BLAR.TTF', name='Bodoni MT', style='normal', variant='normal', weight=900, stretch='normal', size='scalable')) = 10.525
2026-04-21 10:53:19,133 [DEBUG] matplotlib.font_manager: findfont: score(FontEntry(fname='C:\\Windows\\Fonts\\ABCDiatypeExpanded-Regular-Trial.otf', name='ABC Diatype Expanded Unlicensed Trial', style='normal', variant='normal', weight=400, stretch='expanded', size='scalable')) = 10.25
2026-04-21 10:53:19,133 [DEBUG] matplotlib.font_manager: findfont: score(FontEntry(fname='C:\\Windows\\Fonts\\ABCDiatypeCompressed-Regular-Trial.otf', name='ABC Diatype Compressed Unlicensed Trial', style='normal', variant='normal', weight=400, stretch='normal', size='scalable')) = 10.05
2026-04-21 10:53:19,133 [DEBUG] matplotlib.font_manager: findfont: score(FontEntry(fname='C:\\Users\\deank\\AppData\\Local\\Microsoft\\Windows\\Fonts\\Ubuntu-LightItalic.ttf', name='Ubuntu', style='italic', variant='normal', weight=300, stretch='normal', size='scalable')) = 11.145
2026-04-21 10:53:19,133 [DEBUG] matplotlib.font_manager: findfont: score(FontEntry(fname='C:\\Windows\\Fonts\\ABCDiatypeSemi-Mono-ThinItalic-Trial.otf', name='ABC Diatype Semi-Mono Unlicensed Trial', style='italic', variant='normal', weight=200, stretch='normal', size='scalable')) = 11.24
2026-04-21 10:53:19,133 [DEBUG] matplotlib.font_manager: findfont: score(FontEntry(fname='C:\\Windows\\Fonts\\BOD_CI.TTF', name='Bodoni MT', style='italic', variant='normal', weight=400, stretch='condensed', size='scalable')) = 11.25
2026-04-21 10:53:19,133 [DEBUG] matplotlib.font_manager: findfont: score(FontEntry(fname='C:\\Windows\\Fonts\\ARLRDBD.TTF', name='Arial Rounded MT Bold', style='normal', variant='normal', weight=400, stretch='normal', size='scalable')) = 10.05
2026-04-21 10:53:19,133 [DEBUG] matplotlib.font_manager: findfont: score(FontEntry(fname='C:\\Users\\deank\\AppData\\Local\\Microsoft\\Windows\\Fonts\\Ubuntu-Medium.ttf', name='Ubuntu', style='normal', variant='normal', weight=500, stretch='normal', size='scalable')) = 10.145
2026-04-21 10:53:19,133 [DEBUG] matplotlib.font_manager: findfont: score(FontEntry(fname='C:\\Windows\\Fonts\\FRADMCN.TTF', name='Franklin Gothic Demi Cond', style='normal', variant='normal', weight=400, stretch='condensed', size='scalable')) = 10.25
2026-04-21 10:53:19,133 [DEBUG] matplotlib.font_manager: findfont: score(FontEntry(fname='C:\\Windows\\Fonts\\cambriab.ttf', name='Cambria', style='normal', variant='normal', weight=700, stretch='normal', size='scalable')) = 10.335
2026-04-21 10:53:19,133 [DEBUG] matplotlib.font_manager: findfont: score(FontEntry(fname='C:\\Windows\\Fonts\\Candara.ttf', name='Candara', style='normal', variant='normal', weight=400, stretch='normal', size='scalable')) = 10.05
2026-04-21 10:53:19,133 [DEBUG] matplotlib.font_manager: findfont: score(FontEntry(fname='C:\\Windows\\Fonts\\trebucbd.ttf', name='Trebuchet MS', style='normal', variant='normal', weight=700, stretch='normal', size='scalable')) = 10.335
2026-04-21 10:53:19,133 [DEBUG] matplotlib.font_manager: findfont: score(FontEntry(fname='C:\\Windows\\Fonts\\WINGDNG3.TTF', name='Wingdings 3', style='normal', variant='normal', weight=400, stretch='normal', size='scalable')) = 10.05
2026-04-21 10:53:19,133 [DEBUG] matplotlib.font_manager: findfont: score(FontEntry(fname='C:\\Windows\\Fonts\\Candarali.ttf', name='Candara', style='italic', variant='normal', weight=400, stretch='normal', size='scalable')) = 11.05
2026-04-21 10:53:19,133 [DEBUG] matplotlib.font_manager: findfont: score(FontEntry(fname='C:\\Windows\\Fonts\\ariali.ttf', name='Arial', style='italic', variant='normal', weight=400, stretch='normal', size='scalable')) = 7.413636363636363
2026-04-21 10:53:19,134 [DEBUG] matplotlib.font_manager: findfont: score(FontEntry(fname='C:\\Windows\\Fonts\\mmrtextb.ttf', name='Myanmar Text', style='normal', variant='normal', weight=700, stretch='normal', size='scalable')) = 10.335
2026-04-21 10:53:19,134 [DEBUG] matplotlib.font_manager: findfont: score(FontEntry(fname='C:\\Windows\\Fonts\\ENGR.TTF', name='Engravers MT', style='normal', variant='normal', weight=500, stretch='normal', size='scalable')) = 10.145
2026-04-21 10:53:19,134 [DEBUG] matplotlib.font_manager: findfont: score(FontEntry(fname='C:\\Windows\\Fonts\\ABCDiatype-BlackItalic-Trial.otf', name='ABC Diatype Unlicensed Trial', style='italic', variant='normal', weight=900, stretch='normal', size='scalable')) = 11.525
2026-04-21 10:53:19,134 [DEBUG] matplotlib.font_manager: findfont: score(FontEntry(fname='C:\\Windows\\Fonts\\Inkfree.ttf', name='Ink Free', style='normal', variant='normal', weight=400, stretch='normal', size='scalable')) = 10.05
2026-04-21 10:53:19,134 [DEBUG] matplotlib.font_manager: findfont: score(FontEntry(fname='C:\\Windows\\Fonts\\seguihis.ttf', name='Segoe UI Historic', style='normal', variant='normal', weight=400, stretch='normal', size='scalable')) = 10.05
2026-04-21 10:53:19,134 [DEBUG] matplotlib.font_manager: findfont: score(FontEntry(fname='C:\\Windows\\Fonts\\MATURASC.TTF', name='Matura MT Script Capitals', style='normal', variant='normal', weight=400, stretch='normal', size='scalable')) = 10.05
2026-04-21 10:53:19,134 [DEBUG] matplotlib.font_manager: findfont: score(FontEntry(fname='C:\\Windows\\Fonts\\corbel.ttf', name='Corbel', style='normal', variant='normal', weight=400, stretch='normal', size='scalable')) = 10.05
2026-04-21 10:53:19,134 [DEBUG] matplotlib.font_manager: findfont: score(FontEntry(fname='C:\\Windows\\Fonts\\timesbi.ttf', name='Times New Roman', style='italic', variant='normal', weight=700, stretch='normal', size='scalable')) = 11.335
2026-04-21 10:53:19,134 [DEBUG] matplotlib.font_manager: findfont: score(FontEntry(fname='C:\\Windows\\Fonts\\Candaral.ttf', name='Candara', style='normal', variant='normal', weight=400, stretch='normal', size='scalable')) = 10.05
2026-04-21 10:53:19,134 [DEBUG] matplotlib.font_manager: findfont: score(FontEntry(fname='C:\\Windows\\Fonts\\segoeui.ttf', name='Segoe UI', style='normal', variant='normal', weight=400, stretch='normal', size='scalable')) = 10.05
2026-04-21 10:53:19,134 [DEBUG] matplotlib.font_manager: findfont: score(FontEntry(fname='C:\\Windows\\Fonts\\MTCORSVA.TTF', name='Monotype Corsiva', style='normal', variant='normal', weight=400, stretch='normal', size='scalable')) = 10.05
2026-04-21 10:53:19,134 [DEBUG] matplotlib.font_manager: findfont: score(FontEntry(fname='C:\\Windows\\Fonts\\GARA.TTF', name='Garamond', style='normal', variant='normal', weight=400, stretch='normal', size='scalable')) = 10.05
2026-04-21 10:53:19,134 [DEBUG] matplotlib.font_manager: findfont: score(FontEntry(fname='C:\\Windows\\Fonts\\ABCDiatype-Regular-Trial.otf', name='ABC Diatype Unlicensed Trial', style='normal', variant='normal', weight=400, stretch='normal', size='scalable')) = 10.05
2026-04-21 10:53:19,134 [DEBUG] matplotlib.font_manager: findfont: score(FontEntry(fname='C:\\Windows\\Fonts\\cambriai.ttf', name='Cambria', style='italic', variant='normal', weight=400, stretch='normal', size='scalable')) = 11.05
2026-04-21 10:53:19,134 [DEBUG] matplotlib.font_manager: findfont: score(FontEntry(fname='C:\\Windows\\Fonts\\BOD_I.TTF', name='Bodoni MT', style='italic', variant='normal', weight=400, stretch='normal', size='scalable')) = 11.05
2026-04-21 10:53:19,134 [DEBUG] matplotlib.font_manager: findfont: score(FontEntry(fname='C:\\Windows\\Fonts\\Poppins-Bold.ttf', name='Poppins', style='normal', variant='normal', weight=700, stretch='normal', size='scalable')) = 10.335
2026-04-21 10:53:19,134 [DEBUG] matplotlib.font_manager: findfont: score(FontEntry(fname='C:\\Windows\\Fonts\\MAGNETOB.TTF', name='Magneto', style='normal', variant='normal', weight=700, stretch='normal', size='scalable')) = 10.335
2026-04-21 10:53:19,134 [DEBUG] matplotlib.font_manager: findfont: score(FontEntry(fname='C:\\Windows\\Fonts\\palai.ttf', name='Palatino Linotype', style='italic', variant='normal', weight=400, stretch='normal', size='scalable')) = 11.05
2026-04-21 10:53:19,134 [DEBUG] matplotlib.font_manager: findfont: score(FontEntry(fname='C:\\Windows\\Fonts\\Inter-Regular.ttf', name='Inter', style='normal', variant='normal', weight=400, stretch='normal', size='scalable')) = 10.05
2026-04-21 10:53:19,134 [DEBUG] matplotlib.font_manager: findfont: score(FontEntry(fname='C:\\Windows\\Fonts\\comic.ttf', name='Comic Sans MS', style='normal', variant='normal', weight=400, stretch='normal', size='scalable')) = 10.05
2026-04-21 10:53:19,134 [DEBUG] matplotlib.font_manager: findfont: score(FontEntry(fname='C:\\Windows\\Fonts\\PERTIBD.TTF', name='Perpetua Titling MT', style='normal', variant='normal', weight=700, stretch='normal', size='scalable')) = 10.335
2026-04-21 10:53:19,134 [DEBUG] matplotlib.font_manager: findfont: score(FontEntry(fname='C:\\Windows\\Fonts\\BOD_R.TTF', name='Bodoni MT', style='normal', variant='normal', weight=400, stretch='normal', size='scalable')) = 10.05
2026-04-21 10:53:19,134 [DEBUG] matplotlib.font_manager: findfont: score(FontEntry(fname='C:\\Windows\\Fonts\\symbol.ttf', name='Symbol', style='normal', variant='normal', weight=400, stretch='normal', size='scalable')) = 10.05
2026-04-21 10:53:19,134 [DEBUG] matplotlib.font_manager: findfont: score(FontEntry(fname='C:\\Windows\\Fonts\\ntailub.ttf', name='Microsoft New Tai Lue', style='normal', variant='normal', weight=700, stretch='normal', size='scalable')) = 10.335
2026-04-21 10:53:19,134 [DEBUG] matplotlib.font_manager: findfont: score(FontEntry(fname='C:\\Windows\\Fonts\\ABCDiatypeExtended-LightItalic-Trial.otf', name='ABC Diatype Extended Unlicensed Trial', style='italic', variant='normal', weight=300, stretch='expanded', size='scalable')) = 11.344999999999999
2026-04-21 10:53:19,134 [DEBUG] matplotlib.font_manager: findfont: score(FontEntry(fname='C:\\Windows\\Fonts\\ebrimabd.ttf', name='Ebrima', style='normal', variant='normal', weight=700, stretch='normal', size='scalable')) = 10.335
2026-04-21 10:53:19,134 [DEBUG] matplotlib.font_manager: findfont: score(FontEntry(fname='C:\\Windows\\Fonts\\verdana.ttf', name='Verdana', style='normal', variant='normal', weight=400, stretch='normal', size='scalable')) = 3.6863636363636365
2026-04-21 10:53:19,134 [DEBUG] matplotlib.font_manager: findfont: score(FontEntry(fname='C:\\Users\\deank\\AppData\\Local\\Microsoft\\Windows\\Fonts\\abc-diatype-bold.otf', name='ABC Diatype', style='normal', variant='normal', weight=700, stretch='normal', size='scalable')) = 10.335
2026-04-21 10:53:19,134 [DEBUG] matplotlib.font_manager: findfont: score(FontEntry(fname='C:\\Windows\\Fonts\\BASKVILL.TTF', name='Baskerville Old Face', style='normal', variant='normal', weight=400, stretch='normal', size='scalable')) = 10.05
2026-04-21 10:53:19,134 [DEBUG] matplotlib.font_manager: findfont: score(FontEntry(fname='C:\\Windows\\Fonts\\ABCDiatypeExpanded-RegularItalic-Trial.otf', name='ABC Diatype Expanded Unlicensed Trial', style='italic', variant='normal', weight=400, stretch='expanded', size='scalable')) = 11.25
2026-04-21 10:53:19,134 [DEBUG] matplotlib.font_manager: findfont: score(FontEntry(fname='C:\\Windows\\Fonts\\msjh.ttc', name='Microsoft JhengHei', style='normal', variant='normal', weight=400, stretch='normal', size='scalable')) = 10.05
2026-04-21 10:53:19,134 [DEBUG] matplotlib.font_manager: findfont: score(FontEntry(fname='C:\\Windows\\Fonts\\CALISTBI.TTF', name='Calisto MT', style='italic', variant='normal', weight=700, stretch='normal', size='scalable')) = 11.335
2026-04-21 10:53:19,134 [DEBUG] matplotlib.font_manager: findfont: score(FontEntry(fname='C:\\Windows\\Fonts\\AGENCYB.TTF', name='Agency FB', style='normal', variant='normal', weight=700, stretch='normal', size='scalable')) = 10.335
2026-04-21 10:53:19,134 [DEBUG] matplotlib.font_manager: findfont: score(FontEntry(fname='C:\\Windows\\Fonts\\OUTLOOK.TTF', name='MS Outlook', style='normal', variant='normal', weight=400, stretch='normal', size='scalable')) = 10.05
2026-04-21 10:53:19,134 [DEBUG] matplotlib.font_manager: findfont: score(FontEntry(fname='C:\\Windows\\Fonts\\ABCDiatypeMono-Light-Trial.otf', name='ABC Diatype Mono Unlicensed Trial', style='normal', variant='normal', weight=300, stretch='normal', size='scalable')) = 10.145
2026-04-21 10:53:19,134 [DEBUG] matplotlib.font_manager: findfont: score(FontEntry(fname='C:\\Windows\\Fonts\\NIAGENG.TTF', name='Niagara Engraved', style='normal', variant='normal', weight=400, stretch='normal', size='scalable')) = 10.05
2026-04-21 10:53:19,134 [DEBUG] matplotlib.font_manager: findfont: score(FontEntry(fname='C:\\Windows\\Fonts\\Inter-Medium.ttf', name='Inter', style='normal', variant='normal', weight=500, stretch='normal', size='scalable')) = 10.145
2026-04-21 10:53:19,134 [DEBUG] matplotlib.font_manager: findfont: score(FontEntry(fname='C:\\Windows\\Fonts\\LFAX.TTF', name='Lucida Fax', style='normal', variant='normal', weight=400, stretch='normal', size='scalable')) = 10.05
2026-04-21 10:53:19,134 [DEBUG] matplotlib.font_manager: findfont: score(FontEntry(fname='C:\\Windows\\Fonts\\ABCDiatype-HeavyItalic-Trial.otf', name='ABC Diatype Unlicensed Trial', style='italic', variant='normal', weight=800, stretch='normal', size='scalable')) = 11.43
2026-04-21 10:53:19,135 [DEBUG] matplotlib.font_manager: findfont: score(FontEntry(fname='C:\\Windows\\Fonts\\BOD_PSTC.TTF', name='Bodoni MT', style='normal', variant='normal', weight=300, stretch='normal', size='scalable')) = 10.145
2026-04-21 10:53:19,135 [DEBUG] matplotlib.font_manager: findfont: score(FontEntry(fname='C:\\Windows\\Fonts\\STENCIL.TTF', name='Stencil', style='normal', variant='normal', weight=400, stretch='normal', size='scalable')) = 10.05
2026-04-21 10:53:19,135 [DEBUG] matplotlib.font_manager: findfont: score(FontEntry(fname='C:\\Windows\\Fonts\\BAUHS93.TTF', name='Bauhaus 93', style='normal', variant='normal', weight=400, stretch='normal', size='scalable')) = 10.05
2026-04-21 10:53:19,135 [DEBUG] matplotlib.font_manager: findfont: score(FontEntry(fname='C:\\Windows\\Fonts\\FORTE.TTF', name='Forte', style='normal', variant='normal', weight=400, stretch='normal', size='scalable')) = 10.05
2026-04-21 10:53:19,135 [DEBUG] matplotlib.font_manager: findfont: score(FontEntry(fname='C:\\Windows\\Fonts\\corbelli.ttf', name='Corbel', style='italic', variant='normal', weight=300, stretch='normal', size='scalable')) = 11.145
2026-04-21 10:53:19,135 [DEBUG] matplotlib.font_manager: findfont: score(FontEntry(fname='C:\\Windows\\Fonts\\BOD_B.TTF', name='Bodoni MT', style='normal', variant='normal', weight=700, stretch='normal', size='scalable')) = 10.335
2026-04-21 10:53:19,135 [DEBUG] matplotlib.font_manager: findfont: score(FontEntry(fname='C:\\Windows\\Fonts\\ABCDiatype-Heavy-Trial.otf', name='ABC Diatype Unlicensed Trial', style='normal', variant='normal', weight=800, stretch='normal', size='scalable')) = 10.43
2026-04-21 10:53:19,135 [DEBUG] matplotlib.font_manager: findfont: score(FontEntry(fname='C:\\Windows\\Fonts\\pala.ttf', name='Palatino Linotype', style='normal', variant='normal', weight=400, stretch='normal', size='scalable')) = 10.05
2026-04-21 10:53:19,135 [DEBUG] matplotlib.font_manager: findfont: score(FontEntry(fname='C:\\Windows\\Fonts\\ABCDiatypeMono-Medium-Trial.otf', name='ABC Diatype Mono Unlicensed Trial', style='normal', variant='normal', weight=500, stretch='normal', size='scalable')) = 10.145
2026-04-21 10:53:19,135 [DEBUG] matplotlib.font_manager: findfont: score(FontEntry(fname='C:\\Windows\\Fonts\\ABCDiatypeExtended-Regular-Trial.otf', name='ABC Diatype Extended Unlicensed Trial', style='normal', variant='normal', weight=400, stretch='expanded', size='scalable')) = 10.25
2026-04-21 10:53:19,135 [DEBUG] matplotlib.font_manager: findfont: score(FontEntry(fname='C:\\Windows\\Fonts\\BERNHC.TTF', name='Bernard MT Condensed', style='normal', variant='normal', weight=400, stretch='condensed', size='scalable')) = 10.25
2026-04-21 10:53:19,135 [DEBUG] matplotlib.font_manager: findfont: score(FontEntry(fname='C:\\Windows\\Fonts\\BRUSHSCI.TTF', name='Brush Script MT', style='italic', variant='normal', weight=400, stretch='normal', size='scalable')) = 11.05
2026-04-21 10:53:19,135 [DEBUG] matplotlib.font_manager: findfont: score(FontEntry(fname='C:\\Windows\\Fonts\\TCBI____.TTF', name='Tw Cen MT', style='italic', variant='normal', weight=700, stretch='normal', size='scalable')) = 11.335
2026-04-21 10:53:19,135 [DEBUG] matplotlib.font_manager: findfont: score(FontEntry(fname='C:\\Windows\\Fonts\\ABCDiatypeCompressed-RegularItalic-Trial.otf', name='ABC Diatype Compressed Unlicensed Trial', style='italic', variant='normal', weight=400, stretch='normal', size='scalable')) = 11.05
2026-04-21 10:53:19,135 [DEBUG] matplotlib.font_manager: findfont: score(FontEntry(fname='C:\\Windows\\Fonts\\consola.ttf', name='Consolas', style='normal', variant='normal', weight=400, stretch='normal', size='scalable')) = 10.05
2026-04-21 10:53:19,135 [DEBUG] matplotlib.font_manager: findfont: score(FontEntry(fname='C:\\Windows\\Fonts\\ABCDiatypeCompressed-Thin-Trial.otf', name='ABC Diatype Compressed Unlicensed Trial', style='normal', variant='normal', weight=200, stretch='normal', size='scalable')) = 10.24
2026-04-21 10:53:19,135 [DEBUG] matplotlib.font_manager: findfont: score(FontEntry(fname='C:\\Windows\\Fonts\\ABCDiatypeExtended-RegularItalic-Trial.otf', name='ABC Diatype Extended Unlicensed Trial', style='italic', variant='normal', weight=400, stretch='expanded', size='scalable')) = 11.25
2026-04-21 10:53:19,135 [DEBUG] matplotlib.font_manager: findfont: score(FontEntry(fname='C:\\Windows\\Fonts\\seguiemj.ttf', name='Segoe UI Emoji', style='normal', variant='normal', weight=400, stretch='normal', size='scalable')) = 10.05
2026-04-21 10:53:19,135 [DEBUG] matplotlib.font_manager: findfont: score(FontEntry(fname='C:\\Windows\\Fonts\\FRABKIT.TTF', name='Franklin Gothic Book', style='italic', variant='normal', weight=400, stretch='normal', size='scalable')) = 11.05
2026-04-21 10:53:19,135 [DEBUG] matplotlib.font_manager: findfont: score(FontEntry(fname='C:\\Windows\\Fonts\\ABCDiatype-LightItalic-Trial.otf', name='ABC Diatype Unlicensed Trial', style='italic', variant='normal', weight=300, stretch='normal', size='scalable')) = 11.145
2026-04-21 10:53:19,135 [DEBUG] matplotlib.font_manager: findfont: score(FontEntry(fname='C:\\Windows\\Fonts\\FREESCPT.TTF', name='Freestyle Script', style='normal', variant='normal', weight=400, stretch='normal', size='scalable')) = 10.05
2026-04-21 10:53:19,135 [DEBUG] matplotlib.font_manager: findfont: score(FontEntry(fname='C:\\Windows\\Fonts\\ABCDiatypeCompressed-BoldItalic-Trial.otf', name='ABC Diatype Compressed Unlicensed Trial', style='italic', variant='normal', weight=700, stretch='normal', size='scalable')) = 11.335
2026-04-21 10:53:19,135 [DEBUG] matplotlib.font_manager: findfont: score(FontEntry(fname='C:\\Windows\\Fonts\\taile.ttf', name='Microsoft Tai Le', style='normal', variant='normal', weight=400, stretch='normal', size='scalable')) = 10.05
2026-04-21 10:53:19,135 [DEBUG] matplotlib.font_manager: findfont: score(FontEntry(fname='C:\\Windows\\Fonts\\msyhl.ttc', name='Microsoft YaHei', style='normal', variant='normal', weight=290, stretch='normal', size='scalable')) = 10.1545
2026-04-21 10:53:19,135 [DEBUG] matplotlib.font_manager: findfont: score(FontEntry(fname='C:\\Windows\\Fonts\\ERASLGHT.TTF', name='Eras Light ITC', style='normal', variant='normal', weight=400, stretch='normal', size='scalable')) = 10.05
2026-04-21 10:53:19,135 [DEBUG] matplotlib.font_manager: findfont: score(FontEntry(fname='C:\\Windows\\Fonts\\ABCDiatypeMono-UltraItalic-Trial.otf', name='ABC Diatype Mono Unlicensed Trial', style='italic', variant='normal', weight=1000, stretch='normal', size='scalable')) = 11.62
2026-04-21 10:53:19,135 [DEBUG] matplotlib.font_manager: findfont: score(FontEntry(fname='C:\\Windows\\Fonts\\segoeuil.ttf', name='Segoe UI', style='normal', variant='normal', weight=300, stretch='normal', size='scalable')) = 10.145
2026-04-21 10:53:19,135 [DEBUG] matplotlib.font_manager: findfont: score(FontEntry(fname='C:\\Windows\\Fonts\\impact.ttf', name='Impact', style='normal', variant='normal', weight=400, stretch='normal', size='scalable')) = 10.05
2026-04-21 10:53:19,135 [DEBUG] matplotlib.font_manager: findfont: score(FontEntry(fname='C:\\Users\\deank\\AppData\\Local\\Microsoft\\Windows\\Fonts\\Ubuntu-MediumItalic.ttf', name='Ubuntu', style='italic', variant='normal', weight=500, stretch='normal', size='scalable')) = 11.145
2026-04-21 10:53:19,135 [DEBUG] matplotlib.font_manager: findfont: score(FontEntry(fname='C:\\Windows\\Fonts\\GILI____.TTF', name='Gill Sans MT', style='italic', variant='normal', weight=400, stretch='normal', size='scalable')) = 11.05
2026-04-21 10:53:19,135 [DEBUG] matplotlib.font_manager: findfont: score(FontEntry(fname='C:\\Windows\\Fonts\\constanb.ttf', name='Constantia', style='normal', variant='normal', weight=700, stretch='normal', size='scalable')) = 10.335
2026-04-21 10:53:19,135 [DEBUG] matplotlib.font_manager: findfont: score(FontEntry(fname='C:\\Windows\\Fonts\\FRADM.TTF', name='Franklin Gothic Demi', style='normal', variant='normal', weight=400, stretch='normal', size='scalable')) = 10.05
2026-04-21 10:53:19,135 [DEBUG] matplotlib.font_manager: findfont: score(FontEntry(fname='C:\\Windows\\Fonts\\LFAXD.TTF', name='Lucida Fax', style='normal', variant='normal', weight=600, stretch='normal', size='scalable')) = 10.24
2026-04-21 10:53:19,135 [DEBUG] matplotlib.font_manager: findfont: score(FontEntry(fname='C:\\Windows\\Fonts\\ARIALN.TTF', name='Arial', style='normal', variant='normal', weight=400, stretch='condensed', size='scalable')) = 6.613636363636363
2026-04-21 10:53:19,135 [DEBUG] matplotlib.font_manager: findfont: score(FontEntry(fname='C:\\Windows\\Fonts\\micross.ttf', name='Microsoft Sans Serif', style='normal', variant='normal', weight=400, stretch='normal', size='scalable')) = 10.05
2026-04-21 10:53:19,135 [DEBUG] matplotlib.font_manager: findfont: score(FontEntry(fname='C:\\Windows\\Fonts\\arial.ttf', name='Arial', style='normal', variant='normal', weight=400, stretch='normal', size='scalable')) = 6.413636363636363
2026-04-21 10:53:19,135 [DEBUG] matplotlib.font_manager: findfont: score(FontEntry(fname='C:\\Windows\\Fonts\\arialbi.ttf', name='Arial', style='italic', variant='normal', weight=700, stretch='normal', size='scalable')) = 7.698636363636363
2026-04-21 10:53:19,135 [DEBUG] matplotlib.font_manager: findfont: score(FontEntry(fname='C:\\Windows\\Fonts\\LSANSI.TTF', name='Lucida Sans', style='italic', variant='normal', weight=400, stretch='normal', size='scalable')) = 11.05
2026-04-21 10:53:19,135 [DEBUG] matplotlib.font_manager: findfont: score(FontEntry(fname='C:\\Windows\\Fonts\\LeelUIsl.ttf', name='Leelawadee UI', style='normal', variant='normal', weight=350, stretch='normal', size='scalable')) = 10.0975
2026-04-21 10:53:19,136 [DEBUG] matplotlib.font_manager: findfont: score(FontEntry(fname='C:\\Windows\\Fonts\\LTYPEO.TTF', name='Lucida Sans Typewriter', style='oblique', variant='normal', weight=400, stretch='normal', size='scalable')) = 11.05
2026-04-21 10:53:19,136 [DEBUG] matplotlib.font_manager: findfont: score(FontEntry(fname='C:\\Windows\\Fonts\\seguisym.ttf', name='Segoe UI Symbol', style='normal', variant='normal', weight=400, stretch='normal', size='scalable')) = 10.05
2026-04-21 10:53:19,136 [DEBUG] matplotlib.font_manager: findfont: score(FontEntry(fname='C:\\Windows\\Fonts\\SCHLBKBI.TTF', name='Century Schoolbook', style='italic', variant='normal', weight=700, stretch='normal', size='scalable')) = 11.335
2026-04-21 10:53:19,136 [DEBUG] matplotlib.font_manager: findfont: score(FontEntry(fname='C:\\Windows\\Fonts\\Candarab.ttf', name='Candara', style='normal', variant='normal', weight=700, stretch='normal', size='scalable')) = 10.335
2026-04-21 10:53:19,136 [DEBUG] matplotlib.font_manager: findfont: score(FontEntry(fname='C:\\Windows\\Fonts\\seguili.ttf', name='Segoe UI', style='italic', variant='normal', weight=300, stretch='normal', size='scalable')) = 11.145
2026-04-21 10:53:19,136 [DEBUG] matplotlib.font_manager: findfont: score(FontEntry(fname='C:\\Windows\\Fonts\\phagspa.ttf', name='Microsoft PhagsPa', style='normal', variant='normal', weight=400, stretch='normal', size='scalable')) = 10.05
2026-04-21 10:53:19,136 [DEBUG] matplotlib.font_manager: findfont: score(FontEntry(fname='C:\\Windows\\Fonts\\BOOKOS.TTF', name='Bookman Old Style', style='normal', variant='normal', weight=300, stretch='normal', size='scalable')) = 10.145
2026-04-21 10:53:19,136 [DEBUG] matplotlib.font_manager: findfont: score(FontEntry(fname='C:\\Windows\\Fonts\\ARIALNI.TTF', name='Arial', style='italic', variant='normal', weight=400, stretch='condensed', size='scalable')) = 7.613636363636363
2026-04-21 10:53:19,136 [DEBUG] matplotlib.font_manager: findfont: score(FontEntry(fname='C:\\Windows\\Fonts\\RAVIE.TTF', name='Ravie', style='normal', variant='normal', weight=400, stretch='normal', size='scalable')) = 10.05
2026-04-21 10:53:19,136 [DEBUG] matplotlib.font_manager: findfont: score(FontEntry(fname='C:\\Windows\\Fonts\\MISTRAL.TTF', name='Mistral', style='normal', variant='normal', weight=400, stretch='normal', size='scalable')) = 10.05
2026-04-21 10:53:19,136 [DEBUG] matplotlib.font_manager: findfont: score(FontEntry(fname='C:\\Windows\\Fonts\\ABCDiatypeCompressed-Light-Trial.otf', name='ABC Diatype Compressed Unlicensed Trial', style='normal', variant='normal', weight=300, stretch='normal', size='scalable')) = 10.145
2026-04-21 10:53:19,136 [DEBUG] matplotlib.font_manager: findfont: score(FontEntry(fname='C:\\Windows\\Fonts\\javatext.ttf', name='Javanese Text', style='normal', variant='normal', weight=400, stretch='normal', size='scalable')) = 10.05
2026-04-21 10:53:19,136 [DEBUG] matplotlib.font_manager: findfont: score(FontEntry(fname='C:\\Windows\\Fonts\\ABCDiatype-Light-Trial.otf', name='ABC Diatype Unlicensed Trial', style='normal', variant='normal', weight=300, stretch='normal', size='scalable')) = 10.145
2026-04-21 10:53:19,136 [DEBUG] matplotlib.font_manager: findfont: score(FontEntry(fname='C:\\Windows\\Fonts\\GOUDOSI.TTF', name='Goudy Old Style', style='italic', variant='normal', weight=400, stretch='normal', size='scalable')) = 11.05
2026-04-21 10:53:19,136 [DEBUG] matplotlib.font_manager: findfont: score(FontEntry(fname='C:\\Windows\\Fonts\\ITCEDSCR.TTF', name='Edwardian Script ITC', style='normal', variant='normal', weight=400, stretch='normal', size='scalable')) = 10.05
2026-04-21 10:53:19,136 [DEBUG] matplotlib.font_manager: findfont: score(FontEntry(fname='C:\\Windows\\Fonts\\corbell.ttf', name='Corbel', style='normal', variant='normal', weight=300, stretch='normal', size='scalable')) = 10.145
2026-04-21 10:53:19,136 [DEBUG] matplotlib.font_manager: findfont: score(FontEntry(fname='C:\\Windows\\Fonts\\ABCDiatypeMono-LightItalic-Trial.otf', name='ABC Diatype Mono Unlicensed Trial', style='italic', variant='normal', weight=300, stretch='normal', size='scalable')) = 11.145
2026-04-21 10:53:19,136 [DEBUG] matplotlib.font_manager: findfont: score(FontEntry(fname='C:\\Windows\\Fonts\\DUBAI-REGULAR.TTF', name='Dubai', style='normal', variant='normal', weight=400, stretch='normal', size='scalable')) = 10.05
2026-04-21 10:53:19,136 [DEBUG] matplotlib.font_manager: findfont: score(FontEntry(fname='C:\\Windows\\Fonts\\MOD20.TTF', name='Modern No. 20', style='normal', variant='normal', weight=400, stretch='normal', size='scalable')) = 10.05
2026-04-21 10:53:19,136 [DEBUG] matplotlib.font_manager: findfont: score(FontEntry(fname='C:\\Windows\\Fonts\\ABCDiatypeMono-Ultra-Trial.otf', name='ABC Diatype Mono Unlicensed Trial', style='normal', variant='normal', weight=1000, stretch='normal', size='scalable')) = 10.62
2026-04-21 10:53:19,136 [DEBUG] matplotlib.font_manager: findfont: score(FontEntry(fname='C:\\Windows\\Fonts\\ABCDiatypeCondensed-BoldItalic-Trial.otf', name='ABC Diatype Condensed Unlicensed Trial', style='italic', variant='normal', weight=700, stretch='condensed', size='scalable')) = 11.535
2026-04-21 10:53:19,136 [DEBUG] matplotlib.font_manager: findfont: score(FontEntry(fname='C:\\Windows\\Fonts\\ABCDiatypeSemi-MonoVariable-Trial.ttf', name='ABC Diatype Semi-Mono Variable Unlicensed Trial', style='normal', variant='normal', weight=400, stretch='normal', size='scalable')) = 10.05
2026-04-21 10:53:19,136 [DEBUG] matplotlib.font_manager: findfont: score(FontEntry(fname='C:\\Windows\\Fonts\\CHILLER.TTF', name='Chiller', style='normal', variant='normal', weight=400, stretch='normal', size='scalable')) = 10.05
2026-04-21 10:53:19,136 [DEBUG] matplotlib.font_manager: findfont: score(FontEntry(fname='C:\\Windows\\Fonts\\corbelb.ttf', name='Corbel', style='normal', variant='normal', weight=700, stretch='normal', size='scalable')) = 10.335
2026-04-21 10:53:19,136 [DEBUG] matplotlib.font_manager: findfont: score(FontEntry(fname='C:\\Windows\\Fonts\\SegUIVar.ttf', name='Segoe UI Variable', style='normal', variant='normal', weight=400, stretch='normal', size='scalable')) = 10.05
2026-04-21 10:53:19,136 [DEBUG] matplotlib.font_manager: findfont: score(FontEntry(fname='C:\\Windows\\Fonts\\ABCDiatypeCondensed-RegularItalic-Trial.otf', name='ABC Diatype Condensed Unlicensed Trial', style='italic', variant='normal', weight=400, stretch='condensed', size='scalable')) = 11.25
2026-04-21 10:53:19,136 [DEBUG] matplotlib.font_manager: findfont: score(FontEntry(fname='C:\\Windows\\Fonts\\ELEPHNT.TTF', name='Elephant', style='normal', variant='normal', weight=400, stretch='normal', size='scalable')) = 10.05
2026-04-21 10:53:19,136 [DEBUG] matplotlib.font_manager: findfont: score(FontEntry(fname='C:\\Windows\\Fonts\\cour.ttf', name='Courier New', style='normal', variant='normal', weight=400, stretch='normal', size='scalable')) = 10.05
2026-04-21 10:53:19,136 [DEBUG] matplotlib.font_manager: findfont: score(FontEntry(fname='C:\\Windows\\Fonts\\constan.ttf', name='Constantia', style='normal', variant='normal', weight=400, stretch='normal', size='scalable')) = 10.05
2026-04-21 10:53:19,136 [DEBUG] matplotlib.font_manager: findfont: score(FontEntry(fname='C:\\Windows\\Fonts\\msjhbd.ttc', name='Microsoft JhengHei', style='normal', variant='normal', weight=700, stretch='normal', size='scalable')) = 10.335
2026-04-21 10:53:19,136 [DEBUG] matplotlib.font_manager: findfont: score(FontEntry(fname='C:\\Windows\\Fonts\\GILSANUB.TTF', name='Gill Sans Ultra Bold', style='normal', variant='normal', weight=400, stretch='normal', size='scalable')) = 10.05
2026-04-21 10:53:19,136 [DEBUG] matplotlib.font_manager: findfont: score(FontEntry(fname='C:\\Windows\\Fonts\\ARIALNB.TTF', name='Arial', style='normal', variant='normal', weight=700, stretch='condensed', size='scalable')) = 6.8986363636363635
2026-04-21 10:53:19,136 [DEBUG] matplotlib.font_manager: findfont: score(FontEntry(fname='C:\\Windows\\Fonts\\BKANT.TTF', name='Book Antiqua', style='normal', variant='normal', weight=400, stretch='normal', size='scalable')) = 10.05
2026-04-21 10:53:19,136 [DEBUG] matplotlib.font_manager: findfont: score(FontEntry(fname='C:\\Windows\\Fonts\\SegoeWP-Light_0.ttf', name='Segoe WP Light', style='normal', variant='normal', weight=300, stretch='normal', size='scalable')) = 10.145
2026-04-21 10:53:19,136 [DEBUG] matplotlib.font_manager: findfont: score(FontEntry(fname='C:\\Windows\\Fonts\\VINERITC.TTF', name='Viner Hand ITC', style='normal', variant='normal', weight=400, stretch='normal', size='scalable')) = 10.05
2026-04-21 10:53:19,136 [DEBUG] matplotlib.font_manager: findfont: score(FontEntry(fname='C:\\Windows\\Fonts\\PRISTINA.TTF', name='Pristina', style='normal', variant='normal', weight=400, stretch='normal', size='scalable')) = 10.05
2026-04-21 10:53:19,136 [DEBUG] matplotlib.font_manager: findfont: score(FontEntry(fname='C:\\Windows\\Fonts\\PER_____.TTF', name='Perpetua', style='normal', variant='normal', weight=400, stretch='normal', size='scalable')) = 10.05
2026-04-21 10:53:19,136 [DEBUG] matplotlib.font_manager: findfont: score(FontEntry(fname='C:\\Windows\\Fonts\\segoeuiz.ttf', name='Segoe UI', style='italic', variant='normal', weight=700, stretch='normal', size='scalable')) = 11.335
2026-04-21 10:53:19,136 [DEBUG] matplotlib.font_manager: findfont: score(FontEntry(fname='C:\\Windows\\Fonts\\ERASDEMI.TTF', name='Eras Demi ITC', style='normal', variant='normal', weight=400, stretch='normal', size='scalable')) = 10.05
2026-04-21 10:53:19,136 [DEBUG] matplotlib.font_manager: findfont: score(FontEntry(fname='C:\\Windows\\Fonts\\SansSerifCollection.ttf', name='Sans Serif Collection', style='normal', variant='normal', weight=400, stretch='normal', size='scalable')) = 10.05
2026-04-21 10:53:19,137 [DEBUG] matplotlib.font_manager: findfont: score(FontEntry(fname='C:\\Windows\\Fonts\\gadugi.ttf', name='Gadugi', style='normal', variant='normal', weight=400, stretch='normal', size='scalable')) = 10.05
2026-04-21 10:53:19,137 [DEBUG] matplotlib.font_manager: findfont: score(FontEntry(fname='C:\\Windows\\Fonts\\LATINWD.TTF', name='Wide Latin', style='normal', variant='normal', weight=400, stretch='expanded', size='scalable')) = 10.25
2026-04-21 10:53:19,137 [DEBUG] matplotlib.font_manager: findfont: score(FontEntry(fname='C:\\Windows\\Fonts\\malgun.ttf', name='Malgun Gothic', style='normal', variant='normal', weight=400, stretch='normal', size='scalable')) = 10.05
2026-04-21 10:53:19,137 [DEBUG] matplotlib.font_manager: findfont: score(FontEntry(fname='C:\\Windows\\Fonts\\ABCDiatypeSemi-Mono-Regular-Trial.otf', name='ABC Diatype Semi-Mono Unlicensed Trial', style='normal', variant='normal', weight=400, stretch='normal', size='scalable')) = 10.05
2026-04-21 10:53:19,137 [DEBUG] matplotlib.font_manager: findfont: score(FontEntry(fname='C:\\Windows\\Fonts\\ABCDiatypeExpanded-Medium-Trial.otf', name='ABC Diatype Expanded Unlicensed Trial', style='normal', variant='normal', weight=500, stretch='expanded', size='scalable')) = 10.344999999999999
2026-04-21 10:53:19,137 [DEBUG] matplotlib.font_manager: findfont: score(FontEntry(fname='C:\\Windows\\Fonts\\ntailu.ttf', name='Microsoft New Tai Lue', style='normal', variant='normal', weight=400, stretch='normal', size='scalable')) = 10.05
2026-04-21 10:53:19,137 [DEBUG] matplotlib.font_manager: findfont: score(FontEntry(fname='C:\\Windows\\Fonts\\ANTQUAI.TTF', name='Book Antiqua', style='italic', variant='normal', weight=400, stretch='normal', size='scalable')) = 11.05
2026-04-21 10:53:19,137 [DEBUG] matplotlib.font_manager: findfont: score(FontEntry(fname='C:\\Windows\\Fonts\\LCALLIG.TTF', name='Lucida Calligraphy', style='italic', variant='normal', weight=400, stretch='normal', size='scalable')) = 11.05
2026-04-21 10:53:19,137 [DEBUG] matplotlib.font_manager: findfont: score(FontEntry(fname='C:\\Windows\\Fonts\\TCM_____.TTF', name='Tw Cen MT', style='normal', variant='normal', weight=400, stretch='normal', size='scalable')) = 10.05
2026-04-21 10:53:19,137 [DEBUG] matplotlib.font_manager: findfont: score(FontEntry(fname='C:\\Windows\\Fonts\\ABCDiatypeSemi-Mono-Black-Trial.otf', name='ABC Diatype Semi-Mono Unlicensed Trial', style='normal', variant='normal', weight=900, stretch='normal', size='scalable')) = 10.525
2026-04-21 10:53:19,137 [DEBUG] matplotlib.font_manager: findfont: score(FontEntry(fname='C:\\Windows\\Fonts\\SimsunExtG.ttf', name='SimSun-ExtG', style='normal', variant='normal', weight=400, stretch='normal', size='scalable')) = 10.05
2026-04-21 10:53:19,137 [DEBUG] matplotlib.font_manager: findfont: score(FontEntry(fname='C:\\Windows\\Fonts\\MAIAN.TTF', name='Maiandra GD', style='normal', variant='normal', weight=400, stretch='normal', size='scalable')) = 10.05
2026-04-21 10:53:19,137 [DEBUG] matplotlib.font_manager: findfont: score(FontEntry(fname='C:\\Windows\\Fonts\\ABCDiatypeExtended-ThinItalic-Trial.otf', name='ABC Diatype Extended Unlicensed Trial', style='italic', variant='normal', weight=200, stretch='expanded', size='scalable')) = 11.44
2026-04-21 10:53:19,137 [DEBUG] matplotlib.font_manager: findfont: score(FontEntry(fname='C:\\Windows\\Fonts\\CALIFR.TTF', name='Californian FB', style='normal', variant='normal', weight=400, stretch='normal', size='scalable')) = 10.05
2026-04-21 10:53:19,137 [DEBUG] matplotlib.font_manager: findfont: score(FontEntry(fname='C:\\Windows\\Fonts\\ABCDiatypeSemi-Mono-Heavy-Trial.otf', name='ABC Diatype Semi-Mono Unlicensed Trial', style='normal', variant='normal', weight=800, stretch='normal', size='scalable')) = 10.43
2026-04-21 10:53:19,137 [DEBUG] matplotlib.font_manager: findfont: score(FontEntry(fname='C:\\Windows\\Fonts\\ROCKBI.TTF', name='Rockwell', style='italic', variant='normal', weight=700, stretch='normal', size='scalable')) = 11.335
2026-04-21 10:53:19,137 [DEBUG] matplotlib.font_manager: findfont: score(FontEntry(fname='C:\\Windows\\Fonts\\COLONNA.TTF', name='Colonna MT', style='normal', variant='normal', weight=400, stretch='normal', size='scalable')) = 10.05
2026-04-21 10:53:19,137 [DEBUG] matplotlib.font_manager: findfont: score(FontEntry(fname='C:\\Windows\\Fonts\\GLSNECB.TTF', name='Gill Sans MT Ext Condensed Bold', style='normal', variant='normal', weight=400, stretch='condensed', size='scalable')) = 10.25
2026-04-21 10:53:19,137 [DEBUG] matplotlib.font_manager: findfont: score(FontEntry(fname='C:\\Windows\\Fonts\\Poppins-Light.ttf', name='Poppins', style='normal', variant='normal', weight=300, stretch='normal', size='scalable')) = 10.145
2026-04-21 10:53:19,137 [DEBUG] matplotlib.font_manager: findfont: score(FontEntry(fname='C:\\Windows\\Fonts\\ROCC____.TTF', name='Rockwell Condensed', style='normal', variant='normal', weight=400, stretch='condensed', size='scalable')) = 10.25
2026-04-21 10:53:19,137 [DEBUG] matplotlib.font_manager: findfont: score(FontEntry(fname='C:\\Windows\\Fonts\\ABCDiatype-Medium-Trial.otf', name='ABC Diatype Unlicensed Trial', style='normal', variant='normal', weight=500, stretch='normal', size='scalable')) = 10.145
2026-04-21 10:53:19,137 [DEBUG] matplotlib.font_manager: findfont: score(FontEntry(fname='C:\\Windows\\Fonts\\RAGE.TTF', name='Rage Italic', style='italic', variant='normal', weight=400, stretch='normal', size='scalable')) = 11.05
2026-04-21 10:53:19,137 [DEBUG] matplotlib.font_manager: findfont: score(FontEntry(fname='C:\\Windows\\Fonts\\ARIALNBI.TTF', name='Arial', style='italic', variant='normal', weight=700, stretch='condensed', size='scalable')) = 7.8986363636363635
2026-04-21 10:53:19,137 [DEBUG] matplotlib.font_manager: findfont: score(FontEntry(fname='C:\\Windows\\Fonts\\TCB_____.TTF', name='Tw Cen MT', style='normal', variant='normal', weight=700, stretch='normal', size='scalable')) = 10.335
2026-04-21 10:53:19,137 [DEBUG] matplotlib.font_manager: findfont: score(FontEntry(fname='C:\\Windows\\Fonts\\GILLUBCD.TTF', name='Gill Sans Ultra Bold Condensed', style='normal', variant='normal', weight=400, stretch='condensed', size='scalable')) = 10.25
2026-04-21 10:53:19,137 [DEBUG] matplotlib.font_manager: findfont: score(FontEntry(fname='C:\\Windows\\Fonts\\BELLI.TTF', name='Bell MT', style='italic', variant='normal', weight=400, stretch='normal', size='scalable')) = 11.05
2026-04-21 10:53:19,137 [DEBUG] matplotlib.font_manager: findfont: score(FontEntry(fname='C:\\Windows\\Fonts\\corbeli.ttf', name='Corbel', style='italic', variant='normal', weight=400, stretch='normal', size='scalable')) = 11.05
2026-04-21 10:53:19,137 [DEBUG] matplotlib.font_manager: findfont: score(FontEntry(fname='C:\\Windows\\Fonts\\ABCDiatypeMonoVariable-Trial.ttf', name='ABC Diatype Mono Variable Unlicensed Trial', style='normal', variant='normal', weight=400, stretch='normal', size='scalable')) = 10.05
2026-04-21 10:53:19,137 [DEBUG] matplotlib.font_manager: findfont: score(FontEntry(fname='C:\\Windows\\Fonts\\HTOWERT.TTF', name='High Tower Text', style='normal', variant='normal', weight=400, stretch='normal', size='scalable')) = 10.05
2026-04-21 10:53:19,137 [DEBUG] matplotlib.font_manager: findfont: score(FontEntry(fname='C:\\Windows\\Fonts\\REFSPCL.TTF', name='MS Reference Specialty', style='normal', variant='normal', weight=400, stretch='normal', size='scalable')) = 10.05
2026-04-21 10:53:19,137 [DEBUG] matplotlib.font_manager: findfont: score(FontEntry(fname='C:\\Windows\\Fonts\\ABCDiatypeExpanded-Light-Trial.otf', name='ABC Diatype Expanded Unlicensed Trial', style='normal', variant='normal', weight=300, stretch='expanded', size='scalable')) = 10.344999999999999
2026-04-21 10:53:19,137 [DEBUG] matplotlib.font_manager: findfont: score(FontEntry(fname='C:\\Windows\\Fonts\\ABCDiatypeSemi-Mono-Ultra-Trial.otf', name='ABC Diatype Semi-Mono Unlicensed Trial', style='normal', variant='normal', weight=1000, stretch='normal', size='scalable')) = 10.62
2026-04-21 10:53:19,137 [DEBUG] matplotlib.font_manager: findfont: score(FontEntry(fname='C:\\Windows\\Fonts\\sylfaen.ttf', name='Sylfaen', style='normal', variant='normal', weight=400, stretch='normal', size='scalable')) = 10.05
2026-04-21 10:53:19,137 [DEBUG] matplotlib.font_manager: findfont: score(FontEntry(fname='C:\\Windows\\Fonts\\msyi.ttf', name='Microsoft Yi Baiti', style='normal', variant='normal', weight=400, stretch='normal', size='scalable')) = 10.05
2026-04-21 10:53:19,137 [DEBUG] matplotlib.font_manager: findfont: score(FontEntry(fname='C:\\Windows\\Fonts\\courbi.ttf', name='Courier New', style='italic', variant='normal', weight=700, stretch='normal', size='scalable')) = 11.335
2026-04-21 10:53:19,137 [DEBUG] matplotlib.font_manager: findfont: score(FontEntry(fname='C:\\Windows\\Fonts\\ABCDiatype-UltraItalic-Trial.otf', name='ABC Diatype Unlicensed Trial', style='italic', variant='normal', weight=1000, stretch='normal', size='scalable')) = 11.62
2026-04-21 10:53:19,137 [DEBUG] matplotlib.font_manager: findfont: score(FontEntry(fname='C:\\Windows\\Fonts\\cambriaz.ttf', name='Cambria', style='italic', variant='normal', weight=700, stretch='normal', size='scalable')) = 11.335
2026-04-21 10:53:19,137 [DEBUG] matplotlib.font_manager: findfont: score(FontEntry(fname='C:\\Windows\\Fonts\\seguisb.ttf', name='Segoe UI', style='normal', variant='normal', weight=600, stretch='normal', size='scalable')) = 10.24
2026-04-21 10:53:19,137 [DEBUG] matplotlib.font_manager: findfont: score(FontEntry(fname='C:\\Windows\\Fonts\\BSSYM7.TTF', name='Bookshelf Symbol 7', style='normal', variant='normal', weight=400, stretch='normal', size='scalable')) = 10.05
2026-04-21 10:53:19,137 [DEBUG] matplotlib.font_manager: findfont: score(FontEntry(fname='C:\\Windows\\Fonts\\msyh.ttc', name='Microsoft YaHei', style='normal', variant='normal', weight=400, stretch='normal', size='scalable')) = 10.05
2026-04-21 10:53:19,138 [DEBUG] matplotlib.font_manager: findfont: score(FontEntry(fname='C:\\Windows\\Fonts\\ABCDiatypeCondensed-Regular-Trial.otf', name='ABC Diatype Condensed Unlicensed Trial', style='normal', variant='normal', weight=400, stretch='condensed', size='scalable')) = 10.25
2026-04-21 10:53:19,138 [DEBUG] matplotlib.font_manager: findfont: score(FontEntry(fname='C:\\Windows\\Fonts\\verdanaz.ttf', name='Verdana', style='italic', variant='normal', weight=700, stretch='normal', size='scalable')) = 4.971363636363637
2026-04-21 10:53:19,138 [DEBUG] matplotlib.font_manager: findfont: score(FontEntry(fname='C:\\Windows\\Fonts\\LeelaUIb.ttf', name='Leelawadee UI', style='normal', variant='normal', weight=700, stretch='normal', size='scalable')) = 10.335
2026-04-21 10:53:19,138 [DEBUG] matplotlib.font_manager: findfont: score(FontEntry(fname='C:\\Windows\\Fonts\\GIL_____.TTF', name='Gill Sans MT', style='normal', variant='normal', weight=400, stretch='normal', size='scalable')) = 10.05
2026-04-21 10:53:19,138 [DEBUG] matplotlib.font_manager: findfont: score(FontEntry(fname='C:\\Windows\\Fonts\\PARCHM.TTF', name='Parchment', style='normal', variant='normal', weight=400, stretch='normal', size='scalable')) = 10.05
2026-04-21 10:53:19,138 [DEBUG] matplotlib.font_manager: findfont: score(FontEntry(fname='C:\\Windows\\Fonts\\ABCDiatype-RegularItalic-Trial.otf', name='ABC Diatype Unlicensed Trial', style='italic', variant='normal', weight=400, stretch='normal', size='scalable')) = 11.05
2026-04-21 10:53:19,138 [DEBUG] matplotlib.font_manager: findfont: score(FontEntry(fname='C:\\Windows\\Fonts\\BELLB.TTF', name='Bell MT', style='normal', variant='normal', weight=700, stretch='normal', size='scalable')) = 10.335
2026-04-21 10:53:19,138 [DEBUG] matplotlib.font_manager: findfont: score(FontEntry(fname='C:\\Windows\\Fonts\\ABCDiatypeCondensed-LightItalic-Trial.otf', name='ABC Diatype Condensed Unlicensed Trial', style='italic', variant='normal', weight=300, stretch='condensed', size='scalable')) = 11.344999999999999
2026-04-21 10:53:19,138 [DEBUG] matplotlib.font_manager: findfont: score(FontEntry(fname='C:\\Windows\\Fonts\\LBRITEI.TTF', name='Lucida Bright', style='italic', variant='normal', weight=400, stretch='normal', size='scalable')) = 11.05
2026-04-21 10:53:19,138 [DEBUG] matplotlib.font_manager: findfont: score(FontEntry(fname='C:\\Windows\\Fonts\\BOOKOSB.TTF', name='Bookman Old Style', style='normal', variant='normal', weight=600, stretch='normal', size='scalable')) = 10.24
2026-04-21 10:53:19,138 [DEBUG] matplotlib.font_manager: findfont: score(FontEntry(fname='C:\\Windows\\Fonts\\corbelz.ttf', name='Corbel', style='italic', variant='normal', weight=700, stretch='normal', size='scalable')) = 11.335
2026-04-21 10:53:19,138 [DEBUG] matplotlib.font_manager: findfont: score(FontEntry(fname='C:\\Windows\\Fonts\\SegoeWP-Black_0.ttf', name='Segoe WP Black', style='normal', variant='normal', weight=800, stretch='normal', size='scalable')) = 10.43
2026-04-21 10:53:19,138 [DEBUG] matplotlib.font_manager: findfont: score(FontEntry(fname='C:\\Windows\\Fonts\\ABCDiatype-Ultra-Trial.otf', name='ABC Diatype Unlicensed Trial', style='normal', variant='normal', weight=1000, stretch='normal', size='scalable')) = 10.62
2026-04-21 10:53:19,138 [DEBUG] matplotlib.font_manager: findfont: score(FontEntry(fname='C:\\Windows\\Fonts\\GOTHICBI.TTF', name='Century Gothic', style='italic', variant='normal', weight=700, stretch='normal', size='scalable')) = 11.335
2026-04-21 10:53:19,138 [DEBUG] matplotlib.font_manager: findfont: score(FontEntry(fname='C:\\Windows\\Fonts\\BRITANIC.TTF', name='Britannic Bold', style='normal', variant='normal', weight=400, stretch='normal', size='scalable')) = 10.05
2026-04-21 10:53:19,138 [DEBUG] matplotlib.font_manager: findfont: score(FontEntry(fname='C:\\Windows\\Fonts\\ABCDiatypeSemi-Mono-RegularItalic-Trial.otf', name='ABC Diatype Semi-Mono Unlicensed Trial', style='italic', variant='normal', weight=400, stretch='normal', size='scalable')) = 11.05
2026-04-21 10:53:19,138 [DEBUG] matplotlib.font_manager: findfont: score(FontEntry(fname='C:\\Windows\\Fonts\\ABCDiatypeMono-Black-Trial.otf', name='ABC Diatype Mono Unlicensed Trial', style='normal', variant='normal', weight=900, stretch='normal', size='scalable')) = 10.525
2026-04-21 10:53:19,138 [DEBUG] matplotlib.font_manager: findfont: score(FontEntry(fname='C:\\Windows\\Fonts\\BOOKOSBI.TTF', name='Bookman Old Style', style='italic', variant='normal', weight=600, stretch='normal', size='scalable')) = 11.24
2026-04-21 10:53:19,138 [DEBUG] matplotlib.font_manager: findfont: score(FontEntry(fname='C:\\Windows\\Fonts\\LSANSD.TTF', name='Lucida Sans', style='normal', variant='normal', weight=600, stretch='normal', size='scalable')) = 10.24
2026-04-21 10:53:19,138 [DEBUG] matplotlib.font_manager: findfont: score(FontEntry(fname='C:\\Windows\\Fonts\\msyhbd.ttc', name='Microsoft YaHei', style='normal', variant='normal', weight=700, stretch='normal', size='scalable')) = 10.335
2026-04-21 10:53:19,138 [DEBUG] matplotlib.font_manager: findfont: score(FontEntry(fname='C:\\Windows\\Fonts\\ebrima.ttf', name='Ebrima', style='normal', variant='normal', weight=400, stretch='normal', size='scalable')) = 10.05
2026-04-21 10:53:19,138 [DEBUG] matplotlib.font_manager: findfont: score(FontEntry(fname='C:\\Windows\\Fonts\\ABCDiatypeExpanded-LightItalic-Trial.otf', name='ABC Diatype Expanded Unlicensed Trial', style='italic', variant='normal', weight=300, stretch='expanded', size='scalable')) = 11.344999999999999
2026-04-21 10:53:19,138 [DEBUG] matplotlib.font_manager: findfont: score(FontEntry(fname='C:\\Windows\\Fonts\\verdanab.ttf', name='Verdana', style='normal', variant='normal', weight=700, stretch='normal', size='scalable')) = 3.9713636363636367
2026-04-21 10:53:19,138 [DEBUG] matplotlib.font_manager: findfont: score(FontEntry(fname='C:\\Windows\\Fonts\\ABCDiatypeMono-MediumItalic-Trial.otf', name='ABC Diatype Mono Unlicensed Trial', style='italic', variant='normal', weight=500, stretch='normal', size='scalable')) = 11.145
2026-04-21 10:53:19,138 [DEBUG] matplotlib.font_manager: findfont: score(FontEntry(fname='C:\\Windows\\Fonts\\COPRGTB.TTF', name='Copperplate Gothic Bold', style='normal', variant='normal', weight=400, stretch='normal', size='scalable')) = 10.05
2026-04-21 10:53:19,138 [DEBUG] matplotlib.font_manager: findfont: score(FontEntry(fname='C:\\Windows\\Fonts\\ABCDiatypeMono-ThinItalic-Trial.otf', name='ABC Diatype Mono Unlicensed Trial', style='italic', variant='normal', weight=200, stretch='normal', size='scalable')) = 11.24
2026-04-21 10:53:19,138 [DEBUG] matplotlib.font_manager: findfont: score(FontEntry(fname='C:\\Windows\\Fonts\\comicz.ttf', name='Comic Sans MS', style='italic', variant='normal', weight=700, stretch='normal', size='scalable')) = 11.335
2026-04-21 10:53:19,138 [DEBUG] matplotlib.font_manager: findfont: score(FontEntry(fname='C:\\Windows\\Fonts\\BRLNSDB.TTF', name='Berlin Sans FB Demi', style='normal', variant='normal', weight=700, stretch='normal', size='scalable')) = 10.335
2026-04-21 10:53:19,138 [DEBUG] matplotlib.font_manager: findfont: score(FontEntry(fname='C:\\Windows\\Fonts\\ABCDiatypeSemi-Mono-LightItalic-Trial.otf', name='ABC Diatype Semi-Mono Unlicensed Trial', style='italic', variant='normal', weight=300, stretch='normal', size='scalable')) = 11.145
2026-04-21 10:53:19,138 [DEBUG] matplotlib.font_manager: findfont: score(FontEntry(fname='C:\\Windows\\Fonts\\FRSCRIPT.TTF', name='French Script MT', style='normal', variant='normal', weight=400, stretch='normal', size='scalable')) = 10.05
2026-04-21 10:53:19,138 [DEBUG] matplotlib.font_manager: findfont: score(FontEntry(fname='C:\\Windows\\Fonts\\mingliub.ttc', name='MingLiU-ExtB', style='normal', variant='normal', weight=400, stretch='normal', size='scalable')) = 10.05
2026-04-21 10:53:19,138 [DEBUG] matplotlib.font_manager: findfont: score(FontEntry(fname='C:\\Windows\\Fonts\\CASTELAR.TTF', name='Castellar', style='normal', variant='normal', weight=400, stretch='normal', size='scalable')) = 10.05
2026-04-21 10:53:19,138 [DEBUG] matplotlib.font_manager: findfont: score(FontEntry(fname='C:\\Windows\\Fonts\\SCHLBKI.TTF', name='Century Schoolbook', style='italic', variant='normal', weight=400, stretch='normal', size='scalable')) = 11.05
2026-04-21 10:53:19,138 [DEBUG] matplotlib.font_manager: findfont: score(FontEntry(fname='C:\\Windows\\Fonts\\ONYX.TTF', name='Onyx', style='normal', variant='normal', weight=400, stretch='normal', size='scalable')) = 10.05
2026-04-21 10:53:19,138 [DEBUG] matplotlib.font_manager: findfont: score(FontEntry(fname='C:\\Windows\\Fonts\\ABCDiatypeExpanded-Thin-Trial.otf', name='ABC Diatype Expanded Unlicensed Trial', style='normal', variant='normal', weight=200, stretch='expanded', size='scalable')) = 10.44
2026-04-21 10:53:19,138 [DEBUG] matplotlib.font_manager: findfont: score(FontEntry(fname='C:\\Windows\\Fonts\\AGENCYR.TTF', name='Agency FB', style='normal', variant='normal', weight=400, stretch='normal', size='scalable')) = 10.05
2026-04-21 10:53:19,138 [DEBUG] matplotlib.font_manager: findfont: score(FontEntry(fname='C:\\Windows\\Fonts\\PLAYBILL.TTF', name='Playbill', style='normal', variant='normal', weight=400, stretch='normal', size='scalable')) = 10.05
2026-04-21 10:53:19,138 [DEBUG] matplotlib.font_manager: findfont: score(FontEntry(fname='C:\\Windows\\Fonts\\LTYPEB.TTF', name='Lucida Sans Typewriter', style='normal', variant='normal', weight=600, stretch='normal', size='scalable')) = 10.24
2026-04-21 10:53:19,138 [DEBUG] matplotlib.font_manager: findfont: score(FontEntry(fname='C:\\Windows\\Fonts\\ABCDiatypeExtended-MediumItalic-Trial.otf', name='ABC Diatype Extended Unlicensed Trial', style='italic', variant='normal', weight=500, stretch='expanded', size='scalable')) = 11.344999999999999
2026-04-21 10:53:19,139 [DEBUG] matplotlib.font_manager: findfont: score(FontEntry(fname='C:\\Windows\\Fonts\\BOD_CBI.TTF', name='Bodoni MT', style='italic', variant='normal', weight=700, stretch='condensed', size='scalable')) = 11.535
2026-04-21 10:53:19,139 [DEBUG] matplotlib.font_manager: findfont: score(FontEntry(fname='C:\\Windows\\Fonts\\FRAHV.TTF', name='Franklin Gothic Heavy', style='normal', variant='normal', weight=400, stretch='normal', size='scalable')) = 10.05
2026-04-21 10:53:19,139 [DEBUG] matplotlib.font_manager: findfont: score(FontEntry(fname='C:\\Windows\\Fonts\\ABCDiatype-Thin-Trial.otf', name='ABC Diatype Unlicensed Trial', style='normal', variant='normal', weight=200, stretch='normal', size='scalable')) = 10.24
2026-04-21 10:53:19,139 [DEBUG] matplotlib.font_manager: findfont: score(FontEntry(fname='C:\\Windows\\Fonts\\GOUDYSTO.TTF', name='Goudy Stout', style='normal', variant='normal', weight=400, stretch='normal', size='scalable')) = 10.05
2026-04-21 10:53:19,139 [DEBUG] matplotlib.font_manager: findfont: score(FontEntry(fname='C:\\Windows\\Fonts\\ABCDiatypeMono-BlackItalic-Trial.otf', name='ABC Diatype Mono Unlicensed Trial', style='italic', variant='normal', weight=900, stretch='normal', size='scalable')) = 11.525
2026-04-21 10:53:19,139 [DEBUG] matplotlib.font_manager: findfont: score(FontEntry(fname='C:\\Windows\\Fonts\\ERASBD.TTF', name='Eras Bold ITC', style='normal', variant='normal', weight=400, stretch='normal', size='scalable')) = 10.05
2026-04-21 10:53:19,139 [DEBUG] matplotlib.font_manager: findfont: score(FontEntry(fname='C:\\Windows\\Fonts\\ABCDiatypeSemi-Mono-UltraItalic-Trial.otf', name='ABC Diatype Semi-Mono Unlicensed Trial', style='italic', variant='normal', weight=1000, stretch='normal', size='scalable')) = 11.62
2026-04-21 10:53:19,139 [DEBUG] matplotlib.font_manager: findfont: score(FontEntry(fname='C:\\Windows\\Fonts\\Candaraz.ttf', name='Candara', style='italic', variant='normal', weight=700, stretch='normal', size='scalable')) = 11.335
2026-04-21 10:53:19,139 [DEBUG] matplotlib.font_manager: findfont: score(FontEntry(fname='C:\\Windows\\Fonts\\palab.ttf', name='Palatino Linotype', style='normal', variant='normal', weight=700, stretch='normal', size='scalable')) = 10.335
2026-04-21 10:53:19,139 [DEBUG] matplotlib.font_manager: findfont: score(FontEntry(fname='C:\\Windows\\Fonts\\ariblk.ttf', name='Arial', style='normal', variant='normal', weight=900, stretch='normal', size='scalable')) = 6.888636363636364
2026-04-21 10:53:19,139 [DEBUG] matplotlib.font_manager: findfont: score(FontEntry(fname='C:\\Windows\\Fonts\\ROCKEB.TTF', name='Rockwell Extra Bold', style='normal', variant='normal', weight=800, stretch='normal', size='scalable')) = 10.43
2026-04-21 10:53:19,139 [DEBUG] matplotlib.font_manager: findfont: score(FontEntry(fname='C:\\Windows\\Fonts\\ITCKRIST.TTF', name='Kristen ITC', style='normal', variant='normal', weight=400, stretch='normal', size='scalable')) = 10.05
2026-04-21 10:53:19,139 [DEBUG] matplotlib.font_manager: findfont: score(FontEntry(fname='C:\\Windows\\Fonts\\Nirmala.ttc', name='Nirmala UI', style='normal', variant='normal', weight=400, stretch='normal', size='scalable')) = 10.05
2026-04-21 10:53:19,139 [DEBUG] matplotlib.font_manager: findfont: score(FontEntry(fname='C:\\Windows\\Fonts\\SegoeWP-Semilight_0.ttf', name='Segoe WP SemiLight', style='normal', variant='normal', weight=400, stretch='normal', size='scalable')) = 10.05
2026-04-21 10:53:19,139 [DEBUG] matplotlib.font_manager: findfont: score(FontEntry(fname='C:\\Windows\\Fonts\\ABCDiatypeSemi-Mono-MediumItalic-Trial.otf', name='ABC Diatype Semi-Mono Unlicensed Trial', style='italic', variant='normal', weight=500, stretch='normal', size='scalable')) = 11.145
2026-04-21 10:53:19,139 [DEBUG] matplotlib.font_manager: findfont: score(FontEntry(fname='C:\\Windows\\Fonts\\phagspab.ttf', name='Microsoft PhagsPa', style='normal', variant='normal', weight=700, stretch='normal', size='scalable')) = 10.335
2026-04-21 10:53:19,139 [DEBUG] matplotlib.font_manager: findfont: score(FontEntry(fname='C:\\Windows\\Fonts\\CENSCBK.TTF', name='Century Schoolbook', style='normal', variant='normal', weight=400, stretch='normal', size='scalable')) = 10.05
2026-04-21 10:53:19,139 [DEBUG] matplotlib.font_manager: findfont: score(FontEntry(fname='C:\\Windows\\Fonts\\taileb.ttf', name='Microsoft Tai Le', style='normal', variant='normal', weight=700, stretch='normal', size='scalable')) = 10.335
2026-04-21 10:53:19,139 [DEBUG] matplotlib.font_manager: findfont: score(FontEntry(fname='C:\\Windows\\Fonts\\Candarai.ttf', name='Candara', style='italic', variant='normal', weight=400, stretch='normal', size='scalable')) = 11.05
2026-04-21 10:53:19,139 [DEBUG] matplotlib.font_manager: findfont: score(FontEntry(fname='C:\\Windows\\Fonts\\TCCB____.TTF', name='Tw Cen MT Condensed', style='normal', variant='normal', weight=700, stretch='condensed', size='scalable')) = 10.535
2026-04-21 10:53:19,139 [DEBUG] matplotlib.font_manager: findfont: score(FontEntry(fname='C:\\Windows\\Fonts\\palabi.ttf', name='Palatino Linotype', style='italic', variant='normal', weight=700, stretch='normal', size='scalable')) = 11.335
2026-04-21 10:53:19,139 [DEBUG] matplotlib.font_manager: findfont: score(FontEntry(fname='C:\\Windows\\Fonts\\ANTQUAB.TTF', name='Book Antiqua', style='normal', variant='normal', weight=700, stretch='normal', size='scalable')) = 10.335
2026-04-21 10:53:19,139 [DEBUG] matplotlib.font_manager: findfont: score(FontEntry(fname='C:\\Windows\\Fonts\\consolab.ttf', name='Consolas', style='normal', variant='normal', weight=700, stretch='normal', size='scalable')) = 10.335
2026-04-21 10:53:19,139 [DEBUG] matplotlib.font_manager: findfont: score(FontEntry(fname='C:\\Windows\\Fonts\\ABCDiatypeCondensed-ThinItalic-Trial.otf', name='ABC Diatype Condensed Unlicensed Trial', style='italic', variant='normal', weight=200, stretch='condensed', size='scalable')) = 11.44
2026-04-21 10:53:19,139 [DEBUG] matplotlib.font_manager: findfont: score(FontEntry(fname='C:\\Windows\\Fonts\\BRLNSB.TTF', name='Berlin Sans FB', style='normal', variant='normal', weight=700, stretch='normal', size='scalable')) = 10.335
2026-04-21 10:53:19,139 [DEBUG] matplotlib.font_manager: findfont: score(FontEntry(fname='C:\\Windows\\Fonts\\MTEXTRA.TTF', name='MT Extra', style='normal', variant='normal', weight=400, stretch='normal', size='scalable')) = 10.05
2026-04-21 10:53:19,139 [DEBUG] matplotlib.font_manager: findfont: score(FontEntry(fname='C:\\Windows\\Fonts\\BOOKOSI.TTF', name='Bookman Old Style', style='italic', variant='normal', weight=300, stretch='normal', size='scalable')) = 11.145
2026-04-21 10:53:19,139 [DEBUG] matplotlib.font_manager: findfont: score(FontEntry(fname='C:\\Windows\\Fonts\\GOUDOS.TTF', name='Goudy Old Style', style='normal', variant='normal', weight=400, stretch='normal', size='scalable')) = 10.05
2026-04-21 10:53:19,139 [DEBUG] matplotlib.font_manager: findfont: score(FontEntry(fname='C:\\Windows\\Fonts\\ABCDiatypeExtended-Thin-Trial.otf', name='ABC Diatype Extended Unlicensed Trial', style='normal', variant='normal', weight=200, stretch='expanded', size='scalable')) = 10.44
2026-04-21 10:53:19,139 [DEBUG] matplotlib.font_manager: findfont: score(FontEntry(fname='C:\\Windows\\Fonts\\courbd.ttf', name='Courier New', style='normal', variant='normal', weight=700, stretch='normal', size='scalable')) = 10.335
2026-04-21 10:53:19,139 [DEBUG] matplotlib.font_manager: findfont: score(FontEntry(fname='C:\\Windows\\Fonts\\ABCDiatype-Black-Trial.otf', name='ABC Diatype Unlicensed Trial', style='normal', variant='normal', weight=900, stretch='normal', size='scalable')) = 10.525
2026-04-21 10:53:19,139 [DEBUG] matplotlib.font_manager: findfont: score(FontEntry(fname='C:\\Windows\\Fonts\\LHANDW.TTF', name='Lucida Handwriting', style='italic', variant='normal', weight=400, stretch='normal', size='scalable')) = 11.05
2026-04-21 10:53:19,139 [DEBUG] matplotlib.font_manager: findfont: score(FontEntry(fname='C:\\Windows\\Fonts\\arialbd.ttf', name='Arial', style='normal', variant='normal', weight=700, stretch='normal', size='scalable')) = 6.698636363636363
2026-04-21 10:53:19,139 [DEBUG] matplotlib.font_manager: findfont: score(FontEntry(fname='C:\\Windows\\Fonts\\comici.ttf', name='Comic Sans MS', style='italic', variant='normal', weight=400, stretch='normal', size='scalable')) = 11.05
2026-04-21 10:53:19,139 [DEBUG] matplotlib.font_manager: findfont: score(FontEntry(fname='C:\\Windows\\Fonts\\ABCDiatypeCondensed-Thin-Trial.otf', name='ABC Diatype Condensed Unlicensed Trial', style='normal', variant='normal', weight=200, stretch='condensed', size='scalable')) = 10.44
2026-04-21 10:53:19,139 [DEBUG] matplotlib.font_manager: findfont: score(FontEntry(fname='C:\\Windows\\Fonts\\LBRITEDI.TTF', name='Lucida Bright', style='italic', variant='normal', weight=600, stretch='normal', size='scalable')) = 11.24
2026-04-21 10:53:19,139 [DEBUG] matplotlib.font_manager: findfont: score(FontEntry(fname='C:\\Windows\\Fonts\\PERB____.TTF', name='Perpetua', style='normal', variant='normal', weight=700, stretch='normal', size='scalable')) = 10.335
2026-04-21 10:53:19,139 [DEBUG] matplotlib.font_manager: findfont: score(FontEntry(fname='C:\\Windows\\Fonts\\CALISTB.TTF', name='Calisto MT', style='normal', variant='normal', weight=700, stretch='normal', size='scalable')) = 10.335
2026-04-21 10:53:19,139 [DEBUG] matplotlib.font_manager: findfont: score(FontEntry(fname='C:\\Windows\\Fonts\\ABCDiatypeMono-Heavy-Trial.otf', name='ABC Diatype Mono Unlicensed Trial', style='normal', variant='normal', weight=800, stretch='normal', size='scalable')) = 10.43
2026-04-21 10:53:19,139 [DEBUG] matplotlib.font_manager: findfont: score(FontEntry(fname='C:\\Windows\\Fonts\\TCCEB.TTF', name='Tw Cen MT Condensed Extra Bold', style='normal', variant='normal', weight=400, stretch='condensed', size='scalable')) = 10.25
2026-04-21 10:53:19,140 [DEBUG] matplotlib.font_manager: findfont: score(FontEntry(fname='C:\\Windows\\Fonts\\YuGothB.ttc', name='Yu Gothic', style='normal', variant='normal', weight=700, stretch='normal', size='scalable')) = 10.335
2026-04-21 10:53:19,140 [DEBUG] matplotlib.font_manager: findfont: score(FontEntry(fname='C:\\Windows\\Fonts\\ABCDiatypeCompressed-Medium-Trial.otf', name='ABC Diatype Compressed Unlicensed Trial', style='normal', variant='normal', weight=500, stretch='normal', size='scalable')) = 10.145
2026-04-21 10:53:19,140 [DEBUG] matplotlib.font_manager: findfont: score(FontEntry(fname='C:\\Windows\\Fonts\\FRAMDCN.TTF', name='Franklin Gothic Medium Cond', style='normal', variant='normal', weight=400, stretch='condensed', size='scalable')) = 10.25
2026-04-21 10:53:19,140 [DEBUG] matplotlib.font_manager: findfont: score(FontEntry(fname='C:\\Windows\\Fonts\\BOD_BI.TTF', name='Bodoni MT', style='italic', variant='normal', weight=700, stretch='normal', size='scalable')) = 11.335
2026-04-21 10:53:19,140 [DEBUG] matplotlib.font_manager: findfont: score(FontEntry(fname='C:\\Windows\\Fonts\\ABCDiatypeCompressed-ThinItalic-Trial.otf', name='ABC Diatype Compressed Unlicensed Trial', style='italic', variant='normal', weight=200, stretch='normal', size='scalable')) = 11.24
2026-04-21 10:53:19,140 [DEBUG] matplotlib.font_manager: findfont: score(FontEntry(fname='C:\\Windows\\Fonts\\tahoma.ttf', name='Tahoma', style='normal', variant='normal', weight=400, stretch='normal', size='scalable')) = 10.05
2026-04-21 10:53:19,140 [DEBUG] matplotlib.font_manager: findfont: score(FontEntry(fname='C:\\Windows\\Fonts\\ABCDiatypeCompressed-Bold-Trial.otf', name='ABC Diatype Compressed Unlicensed Trial', style='normal', variant='normal', weight=700, stretch='normal', size='scalable')) = 10.335
2026-04-21 10:53:19,140 [DEBUG] matplotlib.font_manager: findfont: score(FontEntry(fname='C:\\Windows\\Fonts\\georgia.ttf', name='Georgia', style='normal', variant='normal', weight=400, stretch='normal', size='scalable')) = 10.05
2026-04-21 10:53:19,140 [DEBUG] matplotlib.font_manager: findfont: score(FontEntry(fname='C:\\Windows\\Fonts\\SitkaVF-Italic.ttf', name='Sitka', style='italic', variant='normal', weight=400, stretch='normal', size='scalable')) = 11.05
2026-04-21 10:53:19,140 [DEBUG] matplotlib.font_manager: findfont: score(FontEntry(fname='C:\\Windows\\Fonts\\himalaya.ttf', name='Microsoft Himalaya', style='normal', variant='normal', weight=400, stretch='normal', size='scalable')) = 10.05
2026-04-21 10:53:19,140 [DEBUG] matplotlib.font_manager: findfont: score(FontEntry(fname='C:\\Users\\deank\\AppData\\Local\\Microsoft\\Windows\\Fonts\\Ubuntu-BoldItalic.ttf', name='Ubuntu', style='italic', variant='normal', weight=700, stretch='normal', size='scalable')) = 11.335
2026-04-21 10:53:19,140 [DEBUG] matplotlib.font_manager: findfont: score(FontEntry(fname='C:\\Windows\\Fonts\\ANTQUABI.TTF', name='Book Antiqua', style='italic', variant='normal', weight=700, stretch='normal', size='scalable')) = 11.335
2026-04-21 10:53:19,140 [DEBUG] matplotlib.font_manager: findfont: score(FontEntry(fname='C:\\Windows\\Fonts\\georgiai.ttf', name='Georgia', style='italic', variant='normal', weight=400, stretch='normal', size='scalable')) = 11.05
2026-04-21 10:53:19,140 [DEBUG] matplotlib.font_manager: findfont: score(FontEntry(fname='C:\\Windows\\Fonts\\ABCDiatypeSemi-Mono-Thin-Trial.otf', name='ABC Diatype Semi-Mono Unlicensed Trial', style='normal', variant='normal', weight=200, stretch='normal', size='scalable')) = 10.24
2026-04-21 10:53:19,140 [DEBUG] matplotlib.font_manager: findfont: score(FontEntry(fname='C:\\Windows\\Fonts\\trebucit.ttf', name='Trebuchet MS', style='italic', variant='normal', weight=400, stretch='normal', size='scalable')) = 11.05
2026-04-21 10:53:19,140 [DEBUG] matplotlib.font_manager: findfont: score(FontEntry(fname='C:\\Windows\\Fonts\\LeelawUI.ttf', name='Leelawadee UI', style='normal', variant='normal', weight=400, stretch='normal', size='scalable')) = 10.05
2026-04-21 10:53:19,140 [DEBUG] matplotlib.font_manager: findfont: score(FontEntry(fname='C:\\Windows\\Fonts\\ZWAdobeF.TTF', name='ZWAdobeF', style='normal', variant='normal', weight=400, stretch='normal', size='scalable')) = 10.05
2026-04-21 10:53:19,140 [DEBUG] matplotlib.font_manager: findfont: score(FontEntry(fname='C:\\Windows\\Fonts\\ABCDiatypeSemi-Mono-BlackItalic-Trial.otf', name='ABC Diatype Semi-Mono Unlicensed Trial', style='italic', variant='normal', weight=900, stretch='normal', size='scalable')) = 11.525
2026-04-21 10:53:19,140 [DEBUG] matplotlib.font_manager: findfont: score(FontEntry(fname='C:\\Windows\\Fonts\\mvboli.ttf', name='MV Boli', style='normal', variant='normal', weight=400, stretch='normal', size='scalable')) = 10.05
2026-04-21 10:53:19,140 [DEBUG] matplotlib.font_manager: findfont: score(FontEntry(fname='C:\\Windows\\Fonts\\ABCDiatype-BoldItalic-Trial.otf', name='ABC Diatype Unlicensed Trial', style='italic', variant='normal', weight=700, stretch='normal', size='scalable')) = 11.335
2026-04-21 10:53:19,140 [DEBUG] matplotlib.font_manager: findfont: score(FontEntry(fname='C:\\Windows\\Fonts\\georgiaz.ttf', name='Georgia', style='italic', variant='normal', weight=700, stretch='normal', size='scalable')) = 11.335
2026-04-21 10:53:19,140 [DEBUG] matplotlib.font_manager: findfont: score(FontEntry(fname='C:\\Windows\\Fonts\\calibrib.ttf', name='Calibri', style='normal', variant='normal', weight=700, stretch='normal', size='scalable')) = 10.335
2026-04-21 10:53:19,140 [DEBUG] matplotlib.font_manager: findfont: score(FontEntry(fname='C:\\Windows\\Fonts\\INFROMAN.TTF', name='Informal Roman', style='normal', variant='normal', weight=400, stretch='normal', size='scalable')) = 10.05
2026-04-21 10:53:19,140 [DEBUG] matplotlib.font_manager: findfont: score(FontEntry(fname='C:\\Windows\\Fonts\\ABCDiatypeCondensed-Medium-Trial.otf', name='ABC Diatype Condensed Unlicensed Trial', style='normal', variant='normal', weight=500, stretch='condensed', size='scalable')) = 10.344999999999999
2026-04-21 10:53:19,140 [DEBUG] matplotlib.font_manager: findfont: score(FontEntry(fname='C:\\Windows\\Fonts\\PALSCRI.TTF', name='Palace Script MT', style='normal', variant='normal', weight=400, stretch='normal', size='scalable')) = 10.05
2026-04-21 10:53:19,140 [DEBUG] matplotlib.font_manager: findfont: score(FontEntry(fname='C:\\Windows\\Fonts\\ABCDiatypeMono-HeavyItalic-Trial.otf', name='ABC Diatype Mono Unlicensed Trial', style='italic', variant='normal', weight=800, stretch='normal', size='scalable')) = 11.43
2026-04-21 10:53:19,140 [DEBUG] matplotlib.font_manager: findfont: score(FontEntry(fname='C:\\Windows\\Fonts\\seguibli.ttf', name='Segoe UI', style='italic', variant='normal', weight=900, stretch='normal', size='scalable')) = 11.525
2026-04-21 10:53:19,140 [DEBUG] matplotlib.font_manager: findfont: score(FontEntry(fname='C:\\Windows\\Fonts\\GIGI.TTF', name='Gigi', style='normal', variant='normal', weight=400, stretch='normal', size='scalable')) = 10.05
2026-04-21 10:53:19,140 [DEBUG] matplotlib.font_manager: findfont: score(FontEntry(fname='C:\\Windows\\Fonts\\LTYPE.TTF', name='Lucida Sans Typewriter', style='normal', variant='normal', weight=400, stretch='normal', size='scalable')) = 10.05
2026-04-21 10:53:19,140 [DEBUG] matplotlib.font_manager: findfont: score(FontEntry(fname='C:\\Windows\\Fonts\\CALIFI.TTF', name='Californian FB', style='italic', variant='normal', weight=400, stretch='normal', size='scalable')) = 11.05
2026-04-21 10:53:19,140 [DEBUG] matplotlib.font_manager: findfont: score(FontEntry(fname='C:\\Windows\\Fonts\\CENTURY.TTF', name='Century', style='normal', variant='normal', weight=400, stretch='normal', size='scalable')) = 10.05
2026-04-21 10:53:19,140 [DEBUG] matplotlib.font_manager: findfont: score(FontEntry(fname='C:\\Windows\\Fonts\\seguibl.ttf', name='Segoe UI', style='normal', variant='normal', weight=900, stretch='normal', size='scalable')) = 10.525
2026-04-21 10:53:19,140 [DEBUG] matplotlib.font_manager: findfont: score(FontEntry(fname='C:\\Windows\\Fonts\\segoescb.ttf', name='Segoe Script', style='normal', variant='normal', weight=700, stretch='normal', size='scalable')) = 10.335
2026-04-21 10:53:19,140 [DEBUG] matplotlib.font_manager: findfont: score(FontEntry(fname='C:\\Windows\\Fonts\\couri.ttf', name='Courier New', style='italic', variant='normal', weight=400, stretch='normal', size='scalable')) = 11.05
2026-04-21 10:53:19,140 [DEBUG] matplotlib.font_manager: findfont: score(FontEntry(fname='C:\\Windows\\Fonts\\ABCDiatypeSemi-Mono-Medium-Trial.otf', name='ABC Diatype Semi-Mono Unlicensed Trial', style='normal', variant='normal', weight=500, stretch='normal', size='scalable')) = 10.145
2026-04-21 10:53:19,140 [DEBUG] matplotlib.font_manager: findfont: score(FontEntry(fname='C:\\Windows\\Fonts\\PERTILI.TTF', name='Perpetua Titling MT', style='normal', variant='normal', weight=300, stretch='normal', size='scalable')) = 10.145
2026-04-21 10:53:19,140 [DEBUG] matplotlib.font_manager: findfont: score(FontEntry(fname='C:\\Windows\\Fonts\\SitkaVF.ttf', name='Sitka', style='normal', variant='normal', weight=400, stretch='normal', size='scalable')) = 10.05
2026-04-21 10:53:19,140 [DEBUG] matplotlib.font_manager: findfont: score(FontEntry(fname='C:\\Windows\\Fonts\\BROADW.TTF', name='Broadway', style='normal', variant='normal', weight=400, stretch='normal', size='scalable')) = 10.05
2026-04-21 10:53:19,140 [DEBUG] matplotlib.font_manager: findfont: score(FontEntry(fname='C:\\Windows\\Fonts\\LFAXI.TTF', name='Lucida Fax', style='italic', variant='normal', weight=400, stretch='normal', size='scalable')) = 11.05
2026-04-21 10:53:19,140 [DEBUG] matplotlib.font_manager: findfont: score(FontEntry(fname='C:\\Windows\\Fonts\\ABCDiatypeExtended-Light-Trial.otf', name='ABC Diatype Extended Unlicensed Trial', style='normal', variant='normal', weight=300, stretch='expanded', size='scalable')) = 10.344999999999999
2026-04-21 10:53:19,141 [DEBUG] matplotlib.font_manager: findfont: score(FontEntry(fname='C:\\Windows\\Fonts\\OLDENGL.TTF', name='Old English Text MT', style='normal', variant='normal', weight=400, stretch='normal', size='scalable')) = 10.05
2026-04-21 10:53:19,141 [DEBUG] matplotlib.font_manager: findfont: score(FontEntry(fname='C:\\Windows\\Fonts\\segmdl2.ttf', name='Segoe MDL2 Assets', style='normal', variant='normal', weight=400, stretch='normal', size='scalable')) = 10.05
2026-04-21 10:53:19,141 [DEBUG] matplotlib.font_manager: findfont: score(FontEntry(fname='C:\\Windows\\Fonts\\DUBAI-MEDIUM.TTF', name='Dubai', style='normal', variant='normal', weight=500, stretch='normal', size='scalable')) = 10.145
2026-04-21 10:53:19,141 [DEBUG] matplotlib.font_manager: findfont: score(FontEntry(fname='C:\\Windows\\Fonts\\segoesc.ttf', name='Segoe Script', style='normal', variant='normal', weight=400, stretch='normal', size='scalable')) = 10.05
2026-04-21 10:53:19,141 [DEBUG] matplotlib.font_manager: findfont: score(FontEntry(fname='C:\\Windows\\Fonts\\mmrtext.ttf', name='Myanmar Text', style='normal', variant='normal', weight=400, stretch='normal', size='scalable')) = 10.05
2026-04-21 10:53:19,141 [DEBUG] matplotlib.font_manager: findfont: score(FontEntry(fname='C:\\Windows\\Fonts\\msjhl.ttc', name='Microsoft JhengHei', style='normal', variant='normal', weight=290, stretch='normal', size='scalable')) = 10.1545
2026-04-21 10:53:19,141 [DEBUG] matplotlib.font_manager: findfont: score(FontEntry(fname='C:\\Windows\\Fonts\\COOPBL.TTF', name='Cooper Black', style='normal', variant='normal', weight=400, stretch='normal', size='scalable')) = 10.05
2026-04-21 10:53:19,141 [DEBUG] matplotlib.font_manager: findfont: score(FontEntry(fname='C:\\Windows\\Fonts\\ABCDiatypeCondensed-Light-Trial.otf', name='ABC Diatype Condensed Unlicensed Trial', style='normal', variant='normal', weight=300, stretch='condensed', size='scalable')) = 10.344999999999999
2026-04-21 10:53:19,141 [DEBUG] matplotlib.font_manager: findfont: score(FontEntry(fname='C:\\Windows\\Fonts\\GILB____.TTF', name='Gill Sans MT', style='normal', variant='normal', weight=700, stretch='normal', size='scalable')) = 10.335
2026-04-21 10:53:19,141 [DEBUG] matplotlib.font_manager: findfont: score(FontEntry(fname='C:\\Windows\\Fonts\\TEMPSITC.TTF', name='Tempus Sans ITC', style='normal', variant='normal', weight=400, stretch='normal', size='scalable')) = 10.05
2026-04-21 10:53:19,141 [DEBUG] matplotlib.font_manager: findfont: score(FontEntry(fname='C:\\Windows\\Fonts\\YuGothL.ttc', name='Yu Gothic', style='normal', variant='normal', weight=300, stretch='normal', size='scalable')) = 10.145
2026-04-21 10:53:19,141 [DEBUG] matplotlib.font_manager: findfont: score(FontEntry(fname='C:\\Windows\\Fonts\\comicbd.ttf', name='Comic Sans MS', style='normal', variant='normal', weight=700, stretch='normal', size='scalable')) = 10.335
2026-04-21 10:53:19,141 [DEBUG] matplotlib.font_manager: findfont: score(FontEntry(fname='C:\\Windows\\Fonts\\ABCDiatypeMono-Regular-Trial.otf', name='ABC Diatype Mono Unlicensed Trial', style='normal', variant='normal', weight=400, stretch='normal', size='scalable')) = 10.05
2026-04-21 10:53:19,141 [DEBUG] matplotlib.font_manager: findfont: score(FontEntry(fname='C:\\Windows\\Fonts\\VLADIMIR.TTF', name='Vladimir Script', style='normal', variant='normal', weight=400, stretch='normal', size='scalable')) = 10.05
2026-04-21 10:53:19,141 [DEBUG] matplotlib.font_manager: findfont: score(FontEntry(fname='C:\\Windows\\Fonts\\CALISTI.TTF', name='Calisto MT', style='italic', variant='normal', weight=400, stretch='normal', size='scalable')) = 11.05
2026-04-21 10:53:19,141 [DEBUG] matplotlib.font_manager: findfont: score(FontEntry(fname='C:\\Windows\\Fonts\\ITCBLKAD.TTF', name='Blackadder ITC', style='normal', variant='normal', weight=400, stretch='normal', size='scalable')) = 10.05
2026-04-21 10:53:19,141 [DEBUG] matplotlib.font_manager: findfont: score(FontEntry(fname='C:\\Windows\\Fonts\\webdings.ttf', name='Webdings', style='normal', variant='normal', weight=400, stretch='normal', size='scalable')) = 10.05
2026-04-21 10:53:19,141 [DEBUG] matplotlib.font_manager: findfont: score(FontEntry(fname='C:\\Windows\\Fonts\\ABCDiatypeExpanded-BoldItalic-Trial.otf', name='ABC Diatype Expanded Unlicensed Trial', style='italic', variant='normal', weight=700, stretch='expanded', size='scalable')) = 11.535
2026-04-21 10:53:19,141 [DEBUG] matplotlib.font_manager: findfont: score(FontEntry(fname='C:\\Windows\\Fonts\\TCMI____.TTF', name='Tw Cen MT', style='italic', variant='normal', weight=400, stretch='normal', size='scalable')) = 11.05
2026-04-21 10:53:19,141 [DEBUG] matplotlib.font_manager: findfont: score(FontEntry(fname='C:\\Windows\\Fonts\\HARNGTON.TTF', name='Harrington', style='normal', variant='normal', weight=400, stretch='normal', size='scalable')) = 10.05
2026-04-21 10:53:19,141 [DEBUG] matplotlib.font_manager: findfont: score(FontEntry(fname='C:\\Windows\\Fonts\\TCCM____.TTF', name='Tw Cen MT Condensed', style='normal', variant='normal', weight=400, stretch='condensed', size='scalable')) = 10.25
2026-04-21 10:53:19,141 [DEBUG] matplotlib.font_manager: findfont: score(FontEntry(fname='C:\\Windows\\Fonts\\PAPYRUS.TTF', name='Papyrus', style='normal', variant='normal', weight=400, stretch='normal', size='scalable')) = 10.05
2026-04-21 10:53:19,141 [DEBUG] matplotlib.font_manager: findfont: score(FontEntry(fname='C:\\Windows\\Fonts\\ABCDiatypeExtended-Bold-Trial.otf', name='ABC Diatype Extended Unlicensed Trial', style='normal', variant='normal', weight=700, stretch='expanded', size='scalable')) = 10.535
2026-04-21 10:53:19,141 [DEBUG] matplotlib.font_manager: findfont: Matching sans\-serif:style=normal:variant=normal:weight=normal:stretch=normal:size=12.0 to DejaVu Sans ('c:\\Users\\deank\\sourcecode\\WeatherSnake\\.venv\\Lib\\site-packages\\matplotlib\\mpl-data\\fonts\\ttf\\DejaVuSans.ttf') with score of 0.050000.
2026-04-21 11:01:43,990 [INFO] __main__: Weather Juice UI starting
2026-04-21 11:11:22,033 [INFO] __main__: Weather Juice UI starting
2026-04-21 11:11:45,235 [INFO] __main__: Fetch started: {'city': 'Cape Town', 'period': 'Month', 'depth': 10, 'units': 'metric', 'monthly': True, 'unify_scales': True, 'selected_month': 5}
2026-04-21 11:11:45,235 [DEBUG] api_client: Geocoding request: https://geocoding-api.open-meteo.com/v1/search params={'name': 'Cape Town', 'count': 1, 'format': 'json'}
2026-04-21 11:11:46,098 [DEBUG] api_client: Geocoding response: 1 result(s)
2026-04-21 11:11:46,098 [DEBUG] api_client: Resolved 'Cape Town' to lat=-33.9258, lon=18.4232
2026-04-21 11:11:46,099 [DEBUG] api_client: Weather request: https://archive-api.open-meteo.com/v1/archive params={'latitude': -33.92584, 'longitude': 18.42322, 'start_date': '2015-01-01', 'end_date': '2025-12-31', 'daily': 'temperature_2m_max,temperature_2m_min,precipitation_sum', 'timezone': 'auto'}
2026-04-21 11:11:47,264 [DEBUG] api_client: Weather response: 4018 daily records
2026-04-21 11:11:47,265 [DEBUG] processing: Processing weather data: period=Month, units=metric, monthly=True, custom=True
2026-04-21 11:11:47,268 [DEBUG] processing: Raw dataframe: 4018 rows
2026-04-21 11:11:47,269 [DEBUG] processing: Excluded 3 leap day rows, 4015 rows remaining
2026-04-21 11:11:47,274 [DEBUG] processing: After custom range filter (5/1 - 5/31): 341 rows
2026-04-21 11:11:47,277 [DEBUG] processing: Processing complete: 31 output rows
2026-04-21 11:12:35,515 [INFO] __main__: Chart saved to C:/Users/deank/Downloads/may weather.jpg
2026-04-21 11:24:23,613 [INFO] __main__: Weather Juice UI starting
2026-04-21 11:24:36,891 [INFO] __main__: Fetch started: {'city': 'Cape Town', 'period': 'Month', 'depth': 10, 'units': 'metric', 'monthly': True, 'unify_scales': True, 'selected_month': 5}
2026-04-21 11:24:36,891 [DEBUG] api_client: Geocoding request: https://geocoding-api.open-meteo.com/v1/search params={'name': 'Cape Town', 'count': 1, 'format': 'json'}
2026-04-21 11:24:37,691 [DEBUG] api_client: Geocoding response: 1 result(s)
2026-04-21 11:24:37,691 [DEBUG] api_client: Resolved 'Cape Town' to lat=-33.9258, lon=18.4232
2026-04-21 11:24:37,692 [DEBUG] api_client: Weather request: https://archive-api.open-meteo.com/v1/archive params={'latitude': -33.92584, 'longitude': 18.42322, 'start_date': '2015-01-01', 'end_date': '2025-12-31', 'daily': 'temperature_2m_max,temperature_2m_min,precipitation_sum', 'timezone': 'auto'}
2026-04-21 11:24:38,902 [DEBUG] api_client: Weather response: 4018 daily records
2026-04-21 11:24:38,903 [DEBUG] processing: Processing weather data: period=Month, units=metric, monthly=True, custom=True
2026-04-21 11:24:38,906 [DEBUG] processing: Raw dataframe: 4018 rows
2026-04-21 11:24:38,907 [DEBUG] processing: Excluded 3 leap day rows, 4015 rows remaining
2026-04-21 11:24:38,912 [DEBUG] processing: After custom range filter (5/1 - 5/31): 341 rows
2026-04-21 11:24:38,915 [DEBUG] processing: Processing complete: 31 output rows
2026-04-21 11:24:51,351 [INFO] __main__: Chart saved to C:/Users/deank/Downloads/10yr_May_Cape_Town.jpg
2026-04-21 11:24:59,739 [INFO] __main__: Fetch started: {'city': 'Johannesburg', 'period': 'Month', 'depth': 10, 'units': 'metric', 'monthly': True, 'unify_scales': True, 'selected_month': 5}
2026-04-21 11:24:59,739 [DEBUG] api_client: Geocoding request: https://geocoding-api.open-meteo.com/v1/search params={'name': 'Johannesburg', 'count': 1, 'format': 'json'}
2026-04-21 11:25:00,508 [DEBUG] api_client: Geocoding response: 1 result(s)
2026-04-21 11:25:00,508 [DEBUG] api_client: Resolved 'Johannesburg' to lat=-26.2023, lon=28.0436
2026-04-21 11:25:00,509 [DEBUG] api_client: Weather request: https://archive-api.open-meteo.com/v1/archive params={'latitude': -26.20227, 'longitude': 28.04363, 'start_date': '2015-01-01', 'end_date': '2025-12-31', 'daily': 'temperature_2m_max,temperature_2m_min,precipitation_sum', 'timezone': 'auto'}
2026-04-21 11:25:01,702 [DEBUG] api_client: Weather response: 4018 daily records
2026-04-21 11:25:01,703 [DEBUG] processing: Processing weather data: period=Month, units=metric, monthly=True, custom=True
2026-04-21 11:25:01,705 [DEBUG] processing: Raw dataframe: 4018 rows
2026-04-21 11:25:01,706 [DEBUG] processing: Excluded 3 leap day rows, 4015 rows remaining
2026-04-21 11:25:01,710 [DEBUG] processing: After custom range filter (5/1 - 5/31): 341 rows
2026-04-21 11:25:01,712 [DEBUG] processing: Processing complete: 31 output rows
2026-04-21 11:25:30,633 [INFO] __main__: Chart saved to C:/Users/deank/Downloads/10yr_May_Johannesburg.jpg
2026-04-21 11:33:34,567 [INFO] __main__: Weather Juice UI starting
2026-04-21 11:34:01,330 [INFO] __main__: Fetch started: {'city': 'Cape Town', 'period': 'Month', 'depth': 10, 'units': 'metric', 'monthly': True, 'unify_scales': True, 'precip_threshold': 4.0, 'selected_month': 5}
2026-04-21 11:34:01,331 [DEBUG] api_client: Geocoding request: https://geocoding-api.open-meteo.com/v1/search params={'name': 'Cape Town', 'count': 1, 'format': 'json'}
2026-04-21 11:34:02,141 [DEBUG] api_client: Geocoding response: 1 result(s)
2026-04-21 11:34:02,141 [DEBUG] api_client: Resolved 'Cape Town' to lat=-33.9258, lon=18.4232
2026-04-21 11:34:02,142 [DEBUG] api_client: Weather request: https://archive-api.open-meteo.com/v1/archive params={'latitude': -33.92584, 'longitude': 18.42322, 'start_date': '2015-01-01', 'end_date': '2025-12-31', 'daily': 'temperature_2m_max,temperature_2m_min,precipitation_sum', 'timezone': 'auto'}
2026-04-21 11:34:03,350 [DEBUG] api_client: Weather response: 4018 daily records
2026-04-21 11:34:03,351 [DEBUG] processing: Processing weather data: period=Month, units=metric, monthly=True, custom=True
2026-04-21 11:34:03,354 [DEBUG] processing: Raw dataframe: 4018 rows
2026-04-21 11:34:03,355 [DEBUG] processing: Zeroed 3581 precipitation values below 4.0 mm threshold
2026-04-21 11:34:03,356 [DEBUG] processing: Excluded 3 leap day rows, 4015 rows remaining
2026-04-21 11:34:03,360 [DEBUG] processing: After custom range filter (5/1 - 5/31): 341 rows
2026-04-21 11:34:03,363 [DEBUG] processing: Processing complete: 31 output rows
2026-04-21 11:34:36,131 [INFO] __main__: Fetch started: {'city': 'Cape Town', 'period': 'Month', 'depth': 10, 'units': 'metric', 'monthly': True, 'unify_scales': True, 'precip_threshold': 2.0, 'selected_month': 5}
2026-04-21 11:34:36,132 [DEBUG] api_client: Geocoding request: https://geocoding-api.open-meteo.com/v1/search params={'name': 'Cape Town', 'count': 1, 'format': 'json'}
2026-04-21 11:34:36,878 [DEBUG] api_client: Geocoding response: 1 result(s)
2026-04-21 11:34:36,879 [DEBUG] api_client: Resolved 'Cape Town' to lat=-33.9258, lon=18.4232
2026-04-21 11:34:36,880 [DEBUG] api_client: Weather request: https://archive-api.open-meteo.com/v1/archive params={'latitude': -33.92584, 'longitude': 18.42322, 'start_date': '2015-01-01', 'end_date': '2025-12-31', 'daily': 'temperature_2m_max,temperature_2m_min,precipitation_sum', 'timezone': 'auto'}
2026-04-21 11:34:37,975 [DEBUG] api_client: Weather response: 4018 daily records
2026-04-21 11:34:37,976 [DEBUG] processing: Processing weather data: period=Month, units=metric, monthly=True, custom=True
2026-04-21 11:34:37,978 [DEBUG] processing: Raw dataframe: 4018 rows
2026-04-21 11:34:37,978 [DEBUG] processing: Zeroed 3391 precipitation values below 2.0 mm threshold
2026-04-21 11:34:37,979 [DEBUG] processing: Excluded 3 leap day rows, 4015 rows remaining
2026-04-21 11:34:37,983 [DEBUG] processing: After custom range filter (5/1 - 5/31): 341 rows
2026-04-21 11:34:37,986 [DEBUG] processing: Processing complete: 31 output rows
2026-04-21 11:54:07,512 [INFO] __main__: Weather Juice UI starting
2026-04-21 11:54:35,642 [INFO] __main__: Fetch started: {'city': 'Cape Town', 'period': 'Month', 'depth': 10, 'units': 'metric', 'monthly': True, 'unify_scales': True, 'precip_threshold': 2.0, 'selected_month': 5}
2026-04-21 11:54:35,642 [DEBUG] api_client: Geocoding request: https://geocoding-api.open-meteo.com/v1/search params={'name': 'Cape Town', 'count': 1, 'format': 'json'}
2026-04-21 11:54:36,435 [DEBUG] api_client: Geocoding response: 1 result(s)
2026-04-21 11:54:36,436 [DEBUG] api_client: Resolved 'Cape Town' to lat=-33.9258, lon=18.4232
2026-04-21 11:54:36,437 [DEBUG] api_client: Weather request: https://archive-api.open-meteo.com/v1/archive params={'latitude': -33.92584, 'longitude': 18.42322, 'start_date': '2015-01-01', 'end_date': '2025-12-31', 'daily': 'temperature_2m_max,temperature_2m_min,precipitation_sum', 'timezone': 'auto'}
2026-04-21 11:54:37,596 [DEBUG] api_client: Weather response: 4018 daily records
2026-04-21 11:54:37,597 [DEBUG] processing: Processing weather data: period=Month, units=metric, monthly=True, custom=True
2026-04-21 11:54:37,601 [DEBUG] processing: Raw dataframe: 4018 rows
2026-04-21 11:54:37,601 [DEBUG] processing: Zeroed 3391 precipitation values below 2.0 mm threshold
2026-04-21 11:54:37,602 [DEBUG] processing: Excluded 3 leap day rows, 4015 rows remaining
2026-04-21 11:54:37,606 [DEBUG] processing: After custom range filter (5/1 - 5/31): 341 rows
2026-04-21 11:54:37,610 [DEBUG] processing: Processing complete: 31 output rows
2026-04-21 11:55:00,899 [INFO] __main__: Chart saved to C:/Users/deank/Downloads/10yr_May_Cape_Town.jpg
2026-04-21 11:55:08,443 [INFO] __main__: Fetch started: {'city': 'Johannesburg', 'period': 'Month', 'depth': 10, 'units': 'metric', 'monthly': True, 'unify_scales': True, 'precip_threshold': 2.0, 'selected_month': 5}
2026-04-21 11:55:08,443 [DEBUG] api_client: Geocoding request: https://geocoding-api.open-meteo.com/v1/search params={'name': 'Johannesburg', 'count': 1, 'format': 'json'}
2026-04-21 11:55:09,180 [DEBUG] api_client: Geocoding response: 1 result(s)
2026-04-21 11:55:09,180 [DEBUG] api_client: Resolved 'Johannesburg' to lat=-26.2023, lon=28.0436
2026-04-21 11:55:09,181 [DEBUG] api_client: Weather request: https://archive-api.open-meteo.com/v1/archive params={'latitude': -26.20227, 'longitude': 28.04363, 'start_date': '2015-01-01', 'end_date': '2025-12-31', 'daily': 'temperature_2m_max,temperature_2m_min,precipitation_sum', 'timezone': 'auto'}
2026-04-21 11:55:10,859 [DEBUG] api_client: Weather response: 4018 daily records
2026-04-21 11:55:10,860 [DEBUG] processing: Processing weather data: period=Month, units=metric, monthly=True, custom=True
2026-04-21 11:55:10,862 [DEBUG] processing: Raw dataframe: 4018 rows
2026-04-21 11:55:10,862 [DEBUG] processing: Zeroed 3290 precipitation values below 2.0 mm threshold
2026-04-21 11:55:10,863 [DEBUG] processing: Excluded 3 leap day rows, 4015 rows remaining
2026-04-21 11:55:10,867 [DEBUG] processing: After custom range filter (5/1 - 5/31): 341 rows
2026-04-21 11:55:10,870 [DEBUG] processing: Processing complete: 31 output rows
2026-04-21 11:55:21,283 [INFO] __main__: Fetch started: {'city': 'Johannesburg', 'period': 'Month', 'depth': 10, 'units': 'metric', 'monthly': True, 'unify_scales': True, 'precip_threshold': 3.0, 'selected_month': 5}
2026-04-21 11:55:21,283 [DEBUG] api_client: Geocoding request: https://geocoding-api.open-meteo.com/v1/search params={'name': 'Johannesburg', 'count': 1, 'format': 'json'}
2026-04-21 11:55:22,040 [DEBUG] api_client: Geocoding response: 1 result(s)
2026-04-21 11:55:22,040 [DEBUG] api_client: Resolved 'Johannesburg' to lat=-26.2023, lon=28.0436
2026-04-21 11:55:22,041 [DEBUG] api_client: Weather request: https://archive-api.open-meteo.com/v1/archive params={'latitude': -26.20227, 'longitude': 28.04363, 'start_date': '2015-01-01', 'end_date': '2025-12-31', 'daily': 'temperature_2m_max,temperature_2m_min,precipitation_sum', 'timezone': 'auto'}
2026-04-21 11:55:22,899 [DEBUG] api_client: Weather response: 4018 daily records
2026-04-21 11:55:22,900 [DEBUG] processing: Processing weather data: period=Month, units=metric, monthly=True, custom=True
2026-04-21 11:55:22,902 [DEBUG] processing: Raw dataframe: 4018 rows
2026-04-21 11:55:22,903 [DEBUG] processing: Zeroed 3418 precipitation values below 3.0 mm threshold
2026-04-21 11:55:22,904 [DEBUG] processing: Excluded 3 leap day rows, 4015 rows remaining
2026-04-21 11:55:22,907 [DEBUG] processing: After custom range filter (5/1 - 5/31): 341 rows
2026-04-21 11:55:22,910 [DEBUG] processing: Processing complete: 31 output rows
2026-04-21 11:55:27,115 [INFO] __main__: Fetch started: {'city': 'Johannesburg', 'period': 'Month', 'depth': 10, 'units': 'metric', 'monthly': True, 'unify_scales': True, 'precip_threshold': 4.0, 'selected_month': 5}
2026-04-21 11:55:27,116 [DEBUG] api_client: Geocoding request: https://geocoding-api.open-meteo.com/v1/search params={'name': 'Johannesburg', 'count': 1, 'format': 'json'}
2026-04-21 11:55:27,864 [DEBUG] api_client: Geocoding response: 1 result(s)
2026-04-21 11:55:27,864 [DEBUG] api_client: Resolved 'Johannesburg' to lat=-26.2023, lon=28.0436
2026-04-21 11:55:27,865 [DEBUG] api_client: Weather request: https://archive-api.open-meteo.com/v1/archive params={'latitude': -26.20227, 'longitude': 28.04363, 'start_date': '2015-01-01', 'end_date': '2025-12-31', 'daily': 'temperature_2m_max,temperature_2m_min,precipitation_sum', 'timezone': 'auto'}
2026-04-21 11:55:28,733 [DEBUG] api_client: Weather response: 4018 daily records
2026-04-21 11:55:28,734 [DEBUG] processing: Processing weather data: period=Month, units=metric, monthly=True, custom=True
2026-04-21 11:55:28,736 [DEBUG] processing: Raw dataframe: 4018 rows
2026-04-21 11:55:28,736 [DEBUG] processing: Zeroed 3509 precipitation values below 4.0 mm threshold
2026-04-21 11:55:28,737 [DEBUG] processing: Excluded 3 leap day rows, 4015 rows remaining
2026-04-21 11:55:28,741 [DEBUG] processing: After custom range filter (5/1 - 5/31): 341 rows
2026-04-21 11:55:28,744 [DEBUG] processing: Processing complete: 31 output rows
2026-04-21 11:55:43,610 [INFO] __main__: Chart saved to C:/Users/deank/Downloads/10yr_May_Johannesburg.jpg
2026-04-21 11:57:03,135 [INFO] __main__: Weather Juice UI starting
2026-04-21 11:57:19,826 [INFO] __main__: Fetch started: {'city': 'Cape Town', 'period': 'Month', 'depth': 10, 'units': 'metric', 'monthly': True, 'unify_scales': True, 'precip_threshold': 1.0, 'selected_month': 5}
2026-04-21 11:57:19,827 [DEBUG] api_client: Geocoding request: https://geocoding-api.open-meteo.com/v1/search params={'name': 'Cape Town', 'count': 1, 'format': 'json'}
2026-04-21 11:57:20,591 [DEBUG] api_client: Geocoding response: 1 result(s)
2026-04-21 11:57:20,592 [DEBUG] api_client: Resolved 'Cape Town' to lat=-33.9258, lon=18.4232
2026-04-21 11:57:20,593 [DEBUG] api_client: Weather request: https://archive-api.open-meteo.com/v1/archive params={'latitude': -33.92584, 'longitude': 18.42322, 'start_date': '2015-01-01', 'end_date': '2025-12-31', 'daily': 'temperature_2m_max,temperature_2m_min,precipitation_sum', 'timezone': 'auto'}
2026-04-21 11:57:21,771 [DEBUG] api_client: Weather response: 4018 daily records
2026-04-21 11:57:21,773 [DEBUG] processing: Processing weather data: period=Month, units=metric, monthly=True, custom=True
2026-04-21 11:57:21,776 [DEBUG] processing: Raw dataframe: 4018 rows
2026-04-21 11:57:21,777 [DEBUG] processing: Zeroed 3168 precipitation values below 1.0 mm threshold
2026-04-21 11:57:21,778 [DEBUG] processing: Excluded 3 leap day rows, 4015 rows remaining
2026-04-21 11:57:21,782 [DEBUG] processing: After custom range filter (5/1 - 5/31): 341 rows
2026-04-21 11:57:21,785 [DEBUG] processing: Processing complete: 31 output rows
2026-04-21 11:57:26,571 [INFO] __main__: Fetch started: {'city': 'Cape Town', 'period': 'Month', 'depth': 10, 'units': 'metric', 'monthly': True, 'unify_scales': True, 'precip_threshold': 0.0, 'selected_month': 5}
2026-04-21 11:57:26,572 [DEBUG] api_client: Geocoding request: https://geocoding-api.open-meteo.com/v1/search params={'name': 'Cape Town', 'count': 1, 'format': 'json'}
2026-04-21 11:57:27,328 [DEBUG] api_client: Geocoding response: 1 result(s)
2026-04-21 11:57:27,328 [DEBUG] api_client: Resolved 'Cape Town' to lat=-33.9258, lon=18.4232
2026-04-21 11:57:27,330 [DEBUG] api_client: Weather request: https://archive-api.open-meteo.com/v1/archive params={'latitude': -33.92584, 'longitude': 18.42322, 'start_date': '2015-01-01', 'end_date': '2025-12-31', 'daily': 'temperature_2m_max,temperature_2m_min,precipitation_sum', 'timezone': 'auto'}
2026-04-21 11:57:29,189 [DEBUG] api_client: Weather response: 4018 daily records
2026-04-21 11:57:29,190 [DEBUG] processing: Processing weather data: period=Month, units=metric, monthly=True, custom=True
2026-04-21 11:57:29,192 [DEBUG] processing: Raw dataframe: 4018 rows
2026-04-21 11:57:29,193 [DEBUG] processing: Excluded 3 leap day rows, 4015 rows remaining
2026-04-21 11:57:29,197 [DEBUG] processing: After custom range filter (5/1 - 5/31): 341 rows
2026-04-21 11:57:29,199 [DEBUG] processing: Processing complete: 31 output rows
2026-04-21 11:57:38,025 [INFO] __main__: Chart saved to C:/Users/deank/Downloads/10yr_May_Cape_Town.jpg
2026-04-21 13:34:36,820 [INFO] __main__: Weather Juice UI starting
2026-04-21 13:35:10,826 [INFO] __main__: Fetch started: {'city': 'Cape Town', 'period': 'Month', 'depth': 10, 'units': 'metric', 'monthly': True, 'unify_scales': True, 'precip_threshold': 2.0, 'selected_month': 5}
2026-04-21 13:35:10,826 [DEBUG] api_client: Geocoding request: https://geocoding-api.open-meteo.com/v1/search params={'name': 'Cape Town', 'count': 1, 'format': 'json'}
2026-04-21 13:35:11,711 [DEBUG] api_client: Geocoding response: 1 result(s)
2026-04-21 13:35:11,711 [DEBUG] api_client: Resolved 'Cape Town' to lat=-33.9258, lon=18.4232
2026-04-21 13:35:11,713 [DEBUG] api_client: Weather request: https://archive-api.open-meteo.com/v1/archive params={'latitude': -33.92584, 'longitude': 18.42322, 'start_date': '2015-01-01', 'end_date': '2025-12-31', 'daily': 'temperature_2m_max,temperature_2m_min,precipitation_sum', 'timezone': 'auto'}
2026-04-21 13:35:12,883 [DEBUG] api_client: Weather response: 4018 daily records
2026-04-21 13:35:12,884 [DEBUG] processing: Processing weather data: period=Month, units=metric, monthly=True, custom=True
2026-04-21 13:35:12,898 [DEBUG] processing: Raw dataframe: 4018 rows
2026-04-21 13:35:12,907 [DEBUG] processing: Zeroed 3391 precipitation values below 2.0 mm threshold
2026-04-21 13:35:12,912 [DEBUG] processing: Excluded 3 leap day rows, 4015 rows remaining
2026-04-21 13:35:12,923 [DEBUG] processing: After custom range filter (5/1 - 5/31): 341 rows
2026-04-21 13:35:12,935 [DEBUG] processing: Processing complete: 31 output rows
2026-04-21 13:36:16,818 [INFO] __main__: Fetch started: {'city': 'Cape Town', 'period': 'Full Year', 'depth': 10, 'units': 'metric', 'monthly': True, 'unify_scales': True, 'precip_threshold': 2.0}
2026-04-21 13:36:16,818 [DEBUG] api_client: Geocoding request: https://geocoding-api.open-meteo.com/v1/search params={'name': 'Cape Town', 'count': 1, 'format': 'json'}
2026-04-21 13:36:17,581 [DEBUG] api_client: Geocoding response: 1 result(s)
2026-04-21 13:36:17,581 [DEBUG] api_client: Resolved 'Cape Town' to lat=-33.9258, lon=18.4232
2026-04-21 13:36:17,582 [DEBUG] api_client: Weather request: https://archive-api.open-meteo.com/v1/archive params={'latitude': -33.92584, 'longitude': 18.42322, 'start_date': '2015-01-01', 'end_date': '2025-12-31', 'daily': 'temperature_2m_max,temperature_2m_min,precipitation_sum', 'timezone': 'auto'}
2026-04-21 13:36:19,023 [DEBUG] api_client: Weather response: 4018 daily records
2026-04-21 13:36:19,024 [DEBUG] processing: Processing weather data: period=Full Year, units=metric, monthly=True, custom=False
2026-04-21 13:36:19,027 [DEBUG] processing: Raw dataframe: 4018 rows
2026-04-21 13:36:19,027 [DEBUG] processing: Zeroed 3391 precipitation values below 2.0 mm threshold
2026-04-21 13:36:19,028 [DEBUG] processing: Excluded 3 leap day rows, 4015 rows remaining
2026-04-21 13:36:19,031 [DEBUG] processing: After season filter (Full Year): 4015 rows
2026-04-21 13:36:19,035 [DEBUG] processing: Processing complete: 12 output rows
2026-04-21 13:36:48,769 [INFO] __main__: Fetch started: {'city': 'Johannesburg', 'period': 'Full Year', 'depth': 10, 'units': 'metric', 'monthly': True, 'unify_scales': True, 'precip_threshold': 2.0}
2026-04-21 13:36:48,770 [DEBUG] api_client: Geocoding request: https://geocoding-api.open-meteo.com/v1/search params={'name': 'Johannesburg', 'count': 1, 'format': 'json'}
2026-04-21 13:36:49,495 [DEBUG] api_client: Geocoding response: 1 result(s)
2026-04-21 13:36:49,495 [DEBUG] api_client: Resolved 'Johannesburg' to lat=-26.2023, lon=28.0436
2026-04-21 13:36:49,496 [DEBUG] api_client: Weather request: https://archive-api.open-meteo.com/v1/archive params={'latitude': -26.20227, 'longitude': 28.04363, 'start_date': '2015-01-01', 'end_date': '2025-12-31', 'daily': 'temperature_2m_max,temperature_2m_min,precipitation_sum', 'timezone': 'auto'}
2026-04-21 13:36:50,562 [DEBUG] api_client: Weather response: 4018 daily records
2026-04-21 13:36:50,563 [DEBUG] processing: Processing weather data: period=Full Year, units=metric, monthly=True, custom=False
2026-04-21 13:36:50,565 [DEBUG] processing: Raw dataframe: 4018 rows
2026-04-21 13:36:50,565 [DEBUG] processing: Zeroed 3290 precipitation values below 2.0 mm threshold
2026-04-21 13:36:50,566 [DEBUG] processing: Excluded 3 leap day rows, 4015 rows remaining
2026-04-21 13:36:50,568 [DEBUG] processing: After season filter (Full Year): 4015 rows
2026-04-21 13:36:50,570 [DEBUG] processing: Processing complete: 12 output rows
2026-04-21 13:37:10,713 [INFO] __main__: Fetch started: {'city': 'Johannesburg', 'period': 'Full Year', 'depth': 10, 'units': 'metric', 'monthly': True, 'unify_scales': True, 'precip_threshold': 0.0}
2026-04-21 13:37:10,714 [DEBUG] api_client: Geocoding request: https://geocoding-api.open-meteo.com/v1/search params={'name': 'Johannesburg', 'count': 1, 'format': 'json'}
2026-04-21 13:37:11,478 [DEBUG] api_client: Geocoding response: 1 result(s)
2026-04-21 13:37:11,478 [DEBUG] api_client: Resolved 'Johannesburg' to lat=-26.2023, lon=28.0436
2026-04-21 13:37:11,479 [DEBUG] api_client: Weather request: https://archive-api.open-meteo.com/v1/archive params={'latitude': -26.20227, 'longitude': 28.04363, 'start_date': '2015-01-01', 'end_date': '2025-12-31', 'daily': 'temperature_2m_max,temperature_2m_min,precipitation_sum', 'timezone': 'auto'}
2026-04-21 13:37:12,346 [DEBUG] api_client: Weather response: 4018 daily records
2026-04-21 13:37:12,347 [DEBUG] processing: Processing weather data: period=Full Year, units=metric, monthly=True, custom=False
2026-04-21 13:37:12,349 [DEBUG] processing: Raw dataframe: 4018 rows
2026-04-21 13:37:12,350 [DEBUG] processing: Excluded 3 leap day rows, 4015 rows remaining
2026-04-21 13:37:12,353 [DEBUG] processing: After season filter (Full Year): 4015 rows
2026-04-21 13:37:12,355 [DEBUG] processing: Processing complete: 12 output rows
2026-04-21 13:37:57,282 [INFO] __main__: Fetch started: {'city': 'Durban', 'period': 'Full Year', 'depth': 10, 'units': 'metric', 'monthly': True, 'unify_scales': True, 'precip_threshold': 0.0}
2026-04-21 13:37:57,282 [DEBUG] api_client: Geocoding request: https://geocoding-api.open-meteo.com/v1/search params={'name': 'Durban', 'count': 1, 'format': 'json'}
2026-04-21 13:37:58,024 [DEBUG] api_client: Geocoding response: 1 result(s)
2026-04-21 13:37:58,024 [DEBUG] api_client: Resolved 'Durban' to lat=-29.8579, lon=31.0292
2026-04-21 13:37:58,025 [DEBUG] api_client: Weather request: https://archive-api.open-meteo.com/v1/archive params={'latitude': -29.8579, 'longitude': 31.0292, 'start_date': '2015-01-01', 'end_date': '2025-12-31', 'daily': 'temperature_2m_max,temperature_2m_min,precipitation_sum', 'timezone': 'auto'}
2026-04-21 13:37:59,232 [DEBUG] api_client: Weather response: 4018 daily records
2026-04-21 13:37:59,233 [DEBUG] processing: Processing weather data: period=Full Year, units=metric, monthly=True, custom=False
2026-04-21 13:37:59,235 [DEBUG] processing: Raw dataframe: 4018 rows
2026-04-21 13:37:59,236 [DEBUG] processing: Excluded 3 leap day rows, 4015 rows remaining
2026-04-21 13:37:59,238 [DEBUG] processing: After season filter (Full Year): 4015 rows
2026-04-21 13:37:59,240 [DEBUG] processing: Processing complete: 12 output rows
2026-04-21 13:38:17,305 [INFO] __main__: Fetch started: {'city': 'Polokwane', 'period': 'Full Year', 'depth': 10, 'units': 'metric', 'monthly': True, 'unify_scales': True, 'precip_threshold': 0.0}
2026-04-21 13:38:17,305 [DEBUG] api_client: Geocoding request: https://geocoding-api.open-meteo.com/v1/search params={'name': 'Polokwane', 'count': 1, 'format': 'json'}
2026-04-21 13:38:18,059 [DEBUG] api_client: Geocoding response: 1 result(s)
2026-04-21 13:38:18,059 [DEBUG] api_client: Resolved 'Polokwane' to lat=-23.9045, lon=29.4688
2026-04-21 13:38:18,060 [DEBUG] api_client: Weather request: https://archive-api.open-meteo.com/v1/archive params={'latitude': -23.90449, 'longitude': 29.46885, 'start_date': '2015-01-01', 'end_date': '2025-12-31', 'daily': 'temperature_2m_max,temperature_2m_min,precipitation_sum', 'timezone': 'auto'}
2026-04-21 13:38:19,400 [DEBUG] api_client: Weather response: 4018 daily records
2026-04-21 13:38:19,401 [DEBUG] processing: Processing weather data: period=Full Year, units=metric, monthly=True, custom=False
2026-04-21 13:38:19,403 [DEBUG] processing: Raw dataframe: 4018 rows
2026-04-21 13:38:19,404 [DEBUG] processing: Excluded 3 leap day rows, 4015 rows remaining
2026-04-21 13:38:19,407 [DEBUG] processing: After season filter (Full Year): 4015 rows
2026-04-21 13:38:19,408 [DEBUG] processing: Processing complete: 12 output rows
2026-06-04 12:31:19,352 [INFO] __main__: Weather Juice UI starting
2026-06-04 12:31:55,533 [INFO] __main__: Fetch started: {'city': 'Cape Town', 'period': 'Spring', 'depth': 5, 'units': 'metric', 'monthly': True, 'unify_scales': True, 'precip_threshold': 5.0}
2026-06-04 12:31:55,533 [DEBUG] api_client: Geocoding request: https://geocoding-api.open-meteo.com/v1/search params={'name': 'Cape Town', 'count': 1, 'format': 'json'}
2026-06-04 12:31:56,367 [DEBUG] api_client: Geocoding response: 1 result(s)
2026-06-04 12:31:56,367 [DEBUG] api_client: Resolved 'Cape Town' to lat=-33.9258, lon=18.4232
2026-06-04 12:31:56,372 [DEBUG] api_client: Weather request: https://archive-api.open-meteo.com/v1/archive params={'latitude': -33.92584, 'longitude': 18.42322, 'start_date': '2020-01-01', 'end_date': '2025-12-31', 'daily': 'temperature_2m_max,temperature_2m_min,precipitation_sum', 'timezone': 'auto'}
2026-06-04 12:31:57,809 [DEBUG] api_client: Weather response: 2192 daily records
2026-06-04 12:31:57,811 [DEBUG] processing: Processing weather data: period=Spring, units=metric, monthly=True, custom=False
2026-06-04 12:31:57,824 [DEBUG] processing: Raw dataframe: 2192 rows
2026-06-04 12:31:57,832 [DEBUG] processing: Zeroed 1963 precipitation values below 5.0 mm threshold
2026-06-04 12:31:57,837 [DEBUG] processing: Excluded 2 leap day rows, 2190 rows remaining
2026-06-04 12:31:57,848 [DEBUG] processing: After season filter (Spring): 546 rows
2026-06-04 12:31:57,856 [DEBUG] processing: Processing complete: 3 output rows
2026-06-04 12:32:03,493 [INFO] __main__: Fetch started: {'city': 'Cape Town', 'period': 'Spring', 'depth': 5, 'units': 'metric', 'monthly': False, 'unify_scales': True, 'precip_threshold': 5.0}
2026-06-04 12:32:03,494 [DEBUG] api_client: Geocoding request: https://geocoding-api.open-meteo.com/v1/search params={'name': 'Cape Town', 'count': 1, 'format': 'json'}
2026-06-04 12:32:04,260 [DEBUG] api_client: Geocoding response: 1 result(s)
2026-06-04 12:32:04,261 [DEBUG] api_client: Resolved 'Cape Town' to lat=-33.9258, lon=18.4232
2026-06-04 12:32:04,262 [DEBUG] api_client: Weather request: https://archive-api.open-meteo.com/v1/archive params={'latitude': -33.92584, 'longitude': 18.42322, 'start_date': '2020-01-01', 'end_date': '2025-12-31', 'daily': 'temperature_2m_max,temperature_2m_min,precipitation_sum', 'timezone': 'auto'}
2026-06-04 12:32:05,105 [DEBUG] api_client: Weather response: 2192 daily records
2026-06-04 12:32:05,106 [DEBUG] processing: Processing weather data: period=Spring, units=metric, monthly=False, custom=False
2026-06-04 12:32:05,108 [DEBUG] processing: Raw dataframe: 2192 rows
2026-06-04 12:32:05,108 [DEBUG] processing: Zeroed 1963 precipitation values below 5.0 mm threshold
2026-06-04 12:32:05,109 [DEBUG] processing: Excluded 2 leap day rows, 2190 rows remaining
2026-06-04 12:32:05,112 [DEBUG] processing: After season filter (Spring): 546 rows
2026-06-04 12:32:05,122 [DEBUG] processing: Processing complete: 91 output rows
2026-06-04 12:39:36,663 [INFO] __main__: Weather Juice UI starting
2026-06-04 12:40:29,172 [INFO] __main__: Fetch started: {'city': 'Johannesburg', 'period': 'Full Year', 'depth': 5, 'units': 'metric', 'monthly': True, 'unify_scales': True, 'precip_threshold': 5.0}
2026-06-04 12:40:29,172 [DEBUG] api_client: Geocoding request: https://geocoding-api.open-meteo.com/v1/search params={'name': 'Johannesburg', 'count': 1, 'format': 'json'}
2026-06-04 12:40:29,991 [DEBUG] api_client: Geocoding response: 1 result(s)
2026-06-04 12:40:29,991 [DEBUG] api_client: Resolved 'Johannesburg' to lat=-26.2023, lon=28.0436
2026-06-04 12:40:29,992 [DEBUG] api_client: Weather request: https://archive-api.open-meteo.com/v1/archive params={'latitude': -26.20227, 'longitude': 28.04363, 'start_date': '2020-01-01', 'end_date': '2025-12-31', 'daily': 'temperature_2m_max,temperature_2m_min,precipitation_sum', 'timezone': 'auto'}
2026-06-04 12:40:33,614 [DEBUG] api_client: Weather response: 2192 daily records
2026-06-04 12:40:33,615 [DEBUG] processing: Processing weather data: period=Full Year, units=metric, monthly=True, custom=False
2026-06-04 12:40:33,620 [DEBUG] processing: Raw dataframe: 2192 rows
2026-06-04 12:40:33,622 [DEBUG] processing: Zeroed 1933 precipitation values below 5.0 mm threshold
2026-06-04 12:40:33,624 [DEBUG] processing: Excluded 2 leap day rows, 2190 rows remaining
2026-06-04 12:40:33,627 [DEBUG] processing: After season filter (Full Year): 2190 rows
2026-06-04 12:40:33,634 [DEBUG] processing: Processing complete: 12 output rows
2026-06-04 12:40:59,244 [INFO] __main__: Fetch started: {'city': 'Johannesburg', 'period': 'Full Year', 'depth': 5, 'units': 'metric', 'monthly': True, 'unify_scales': True, 'precip_threshold': 0.0}
2026-06-04 12:40:59,244 [DEBUG] api_client: Geocoding request: https://geocoding-api.open-meteo.com/v1/search params={'name': 'Johannesburg', 'count': 1, 'format': 'json'}
2026-06-04 12:41:00,049 [DEBUG] api_client: Geocoding response: 1 result(s)
2026-06-04 12:41:00,049 [DEBUG] api_client: Resolved 'Johannesburg' to lat=-26.2023, lon=28.0436
2026-06-04 12:41:00,050 [DEBUG] api_client: Weather request: https://archive-api.open-meteo.com/v1/archive params={'latitude': -26.20227, 'longitude': 28.04363, 'start_date': '2020-01-01', 'end_date': '2025-12-31', 'daily': 'temperature_2m_max,temperature_2m_min,precipitation_sum', 'timezone': 'auto'}
2026-06-04 12:41:02,769 [DEBUG] api_client: Weather response: 2192 daily records
2026-06-04 12:41:02,771 [DEBUG] processing: Processing weather data: period=Full Year, units=metric, monthly=True, custom=False
2026-06-04 12:41:02,772 [DEBUG] processing: Raw dataframe: 2192 rows
2026-06-04 12:41:02,773 [DEBUG] processing: Excluded 2 leap day rows, 2190 rows remaining
2026-06-04 12:41:02,775 [DEBUG] processing: After season filter (Full Year): 2190 rows
2026-06-04 12:41:02,777 [DEBUG] processing: Processing complete: 12 output rows
2026-06-04 12:41:37,156 [INFO] __main__: Fetch started: {'city': 'Cape Town', 'period': 'Full Year', 'depth': 5, 'units': 'metric', 'monthly': True, 'unify_scales': True, 'precip_threshold': 0.0}
2026-06-04 12:41:37,156 [DEBUG] api_client: Geocoding request: https://geocoding-api.open-meteo.com/v1/search params={'name': 'Cape Town', 'count': 1, 'format': 'json'}
2026-06-04 12:41:37,910 [DEBUG] api_client: Geocoding response: 1 result(s)
2026-06-04 12:41:37,910 [DEBUG] api_client: Resolved 'Cape Town' to lat=-33.9258, lon=18.4232
2026-06-04 12:41:37,911 [DEBUG] api_client: Weather request: https://archive-api.open-meteo.com/v1/archive params={'latitude': -33.92584, 'longitude': 18.42322, 'start_date': '2020-01-01', 'end_date': '2025-12-31', 'daily': 'temperature_2m_max,temperature_2m_min,precipitation_sum', 'timezone': 'auto'}
2026-06-04 12:41:38,772 [DEBUG] api_client: Weather response: 2192 daily records
2026-06-04 12:41:38,773 [DEBUG] processing: Processing weather data: period=Full Year, units=metric, monthly=True, custom=False
2026-06-04 12:41:38,775 [DEBUG] processing: Raw dataframe: 2192 rows
2026-06-04 12:41:38,776 [DEBUG] processing: Excluded 2 leap day rows, 2190 rows remaining
2026-06-04 12:41:38,778 [DEBUG] processing: After season filter (Full Year): 2190 rows
2026-06-04 12:41:38,779 [DEBUG] processing: Processing complete: 12 output rows
2026-06-04 12:42:38,861 [INFO] __main__: Weather Juice UI starting
2026-06-04 12:43:22,019 [INFO] __main__: Fetch started: {'city': 'Cape Town', 'period': 'Month', 'depth': 10, 'units': 'metric', 'monthly': True, 'unify_scales': True, 'precip_threshold': 2.5, 'selected_month': 8}
2026-06-04 12:43:22,019 [DEBUG] api_client: Geocoding request: https://geocoding-api.open-meteo.com/v1/search params={'name': 'Cape Town', 'count': 1, 'format': 'json'}
2026-06-04 12:43:22,777 [DEBUG] api_client: Geocoding response: 1 result(s)
2026-06-04 12:43:22,777 [DEBUG] api_client: Resolved 'Cape Town' to lat=-33.9258, lon=18.4232
2026-06-04 12:43:22,778 [DEBUG] api_client: Weather request: https://archive-api.open-meteo.com/v1/archive params={'latitude': -33.92584, 'longitude': 18.42322, 'start_date': '2015-01-01', 'end_date': '2025-12-31', 'daily': 'temperature_2m_max,temperature_2m_min,precipitation_sum', 'timezone': 'auto'}
2026-06-04 12:43:24,025 [DEBUG] api_client: Weather response: 4018 daily records
2026-06-04 12:43:24,026 [DEBUG] processing: Processing weather data: period=Month, units=metric, monthly=True, custom=True
2026-06-04 12:43:24,030 [DEBUG] processing: Raw dataframe: 4018 rows
2026-06-04 12:43:24,030 [DEBUG] processing: Zeroed 3459 precipitation values below 2.5 mm threshold
2026-06-04 12:43:24,031 [DEBUG] processing: Excluded 3 leap day rows, 4015 rows remaining
2026-06-04 12:43:24,035 [DEBUG] processing: After custom range filter (8/1 - 8/31): 341 rows
2026-06-04 12:43:24,039 [DEBUG] processing: Processing complete: 31 output rows
2026-06-04 12:43:50,020 [INFO] __main__: Fetch started: {'city': 'Johannesburg', 'period': 'Month', 'depth': 10, 'units': 'metric', 'monthly': True, 'unify_scales': True, 'precip_threshold': 2.5, 'selected_month': 8}
2026-06-04 12:43:50,020 [DEBUG] api_client: Geocoding request: https://geocoding-api.open-meteo.com/v1/search params={'name': 'Johannesburg', 'count': 1, 'format': 'json'}
2026-06-04 12:43:50,782 [DEBUG] api_client: Geocoding response: 1 result(s)
2026-06-04 12:43:50,783 [DEBUG] api_client: Resolved 'Johannesburg' to lat=-26.2023, lon=28.0436
2026-06-04 12:43:50,784 [DEBUG] api_client: Weather request: https://archive-api.open-meteo.com/v1/archive params={'latitude': -26.20227, 'longitude': 28.04363, 'start_date': '2015-01-01', 'end_date': '2025-12-31', 'daily': 'temperature_2m_max,temperature_2m_min,precipitation_sum', 'timezone': 'auto'}
2026-06-04 12:43:54,666 [DEBUG] api_client: Weather response: 4018 daily records
2026-06-04 12:43:54,667 [DEBUG] processing: Processing weather data: period=Month, units=metric, monthly=True, custom=True
2026-06-04 12:43:54,670 [DEBUG] processing: Raw dataframe: 4018 rows
2026-06-04 12:43:54,670 [DEBUG] processing: Zeroed 3364 precipitation values below 2.5 mm threshold
2026-06-04 12:43:54,671 [DEBUG] processing: Excluded 3 leap day rows, 4015 rows remaining
2026-06-04 12:43:54,675 [DEBUG] processing: After custom range filter (8/1 - 8/31): 341 rows
2026-06-04 12:43:54,679 [DEBUG] processing: Processing complete: 31 output rows
2026-06-04 12:46:25,475 [INFO] __main__: Weather Juice UI starting
2026-06-04 12:46:40,499 [INFO] __main__: Fetch started: {'city': 'Cape Town', 'period': 'Summer', 'depth': 10, 'units': 'metric', 'monthly': True, 'unify_scales': True, 'precip_threshold': 2.5}
2026-06-04 12:46:40,500 [DEBUG] api_client: Geocoding request: https://geocoding-api.open-meteo.com/v1/search params={'name': 'Cape Town', 'count': 1, 'format': 'json'}
2026-06-04 12:46:41,289 [DEBUG] api_client: Geocoding response: 1 result(s)
2026-06-04 12:46:41,289 [DEBUG] api_client: Resolved 'Cape Town' to lat=-33.9258, lon=18.4232
2026-06-04 12:46:41,290 [DEBUG] api_client: Weather request: https://archive-api.open-meteo.com/v1/archive params={'latitude': -33.92584, 'longitude': 18.42322, 'start_date': '2015-01-01', 'end_date': '2025-12-31', 'daily': 'temperature_2m_max,temperature_2m_min,precipitation_sum', 'timezone': 'auto'}
2026-06-04 12:46:43,810 [DEBUG] api_client: Weather response: 4018 daily records
2026-06-04 12:46:43,811 [DEBUG] processing: Processing weather data: period=Summer, units=metric, monthly=True, custom=False
2026-06-04 12:46:43,814 [DEBUG] processing: Raw dataframe: 4018 rows
2026-06-04 12:46:43,814 [DEBUG] processing: Zeroed 3459 precipitation values below 2.5 mm threshold
2026-06-04 12:46:43,815 [DEBUG] processing: Excluded 3 leap day rows, 4015 rows remaining
2026-06-04 12:46:43,819 [DEBUG] processing: After season filter (Summer): 990 rows
2026-06-04 12:46:43,822 [DEBUG] processing: Processing complete: 3 output rows
2026-06-04 12:46:49,268 [INFO] __main__: Fetch started: {'city': 'Cape Town', 'period': 'Summer', 'depth': 10, 'units': 'metric', 'monthly': False, 'unify_scales': True, 'precip_threshold': 2.5}
2026-06-04 12:46:49,268 [DEBUG] api_client: Geocoding request: https://geocoding-api.open-meteo.com/v1/search params={'name': 'Cape Town', 'count': 1, 'format': 'json'}
2026-06-04 12:46:50,033 [DEBUG] api_client: Geocoding response: 1 result(s)
2026-06-04 12:46:50,033 [DEBUG] api_client: Resolved 'Cape Town' to lat=-33.9258, lon=18.4232
2026-06-04 12:46:50,034 [DEBUG] api_client: Weather request: https://archive-api.open-meteo.com/v1/archive params={'latitude': -33.92584, 'longitude': 18.42322, 'start_date': '2015-01-01', 'end_date': '2025-12-31', 'daily': 'temperature_2m_max,temperature_2m_min,precipitation_sum', 'timezone': 'auto'}
2026-06-04 12:46:54,371 [DEBUG] api_client: Weather response: 4018 daily records
2026-06-04 12:46:54,372 [DEBUG] processing: Processing weather data: period=Summer, units=metric, monthly=False, custom=False
2026-06-04 12:46:54,374 [DEBUG] processing: Raw dataframe: 4018 rows
2026-06-04 12:46:54,375 [DEBUG] processing: Zeroed 3459 precipitation values below 2.5 mm threshold
2026-06-04 12:46:54,376 [DEBUG] processing: Excluded 3 leap day rows, 4015 rows remaining
2026-06-04 12:46:54,379 [DEBUG] processing: After season filter (Summer): 990 rows
2026-06-04 12:46:54,384 [DEBUG] processing: Processing complete: 90 output rows
2026-06-04 12:47:10,708 [INFO] __main__: Fetch started: {'city': 'Cape Town', 'period': 'Summer', 'depth': 10, 'units': 'metric', 'monthly': False, 'unify_scales': True, 'precip_threshold': 0.0}
2026-06-04 12:47:10,708 [DEBUG] api_client: Geocoding request: https://geocoding-api.open-meteo.com/v1/search params={'name': 'Cape Town', 'count': 1, 'format': 'json'}
2026-06-04 12:47:11,489 [DEBUG] api_client: Geocoding response: 1 result(s)
2026-06-04 12:47:11,489 [DEBUG] api_client: Resolved 'Cape Town' to lat=-33.9258, lon=18.4232
2026-06-04 12:47:11,491 [DEBUG] api_client: Weather request: https://archive-api.open-meteo.com/v1/archive params={'latitude': -33.92584, 'longitude': 18.42322, 'start_date': '2015-01-01', 'end_date': '2025-12-31', 'daily': 'temperature_2m_max,temperature_2m_min,precipitation_sum', 'timezone': 'auto'}
2026-06-04 12:47:12,363 [DEBUG] api_client: Weather response: 4018 daily records
2026-06-04 12:47:12,365 [DEBUG] processing: Processing weather data: period=Summer, units=metric, monthly=False, custom=False
2026-06-04 12:47:12,367 [DEBUG] processing: Raw dataframe: 4018 rows
2026-06-04 12:47:12,368 [DEBUG] processing: Excluded 3 leap day rows, 4015 rows remaining
2026-06-04 12:47:12,370 [DEBUG] processing: After season filter (Summer): 990 rows
2026-06-04 12:47:12,374 [DEBUG] processing: Processing complete: 90 output rows
2026-06-04 13:08:57,662 [INFO] __main__: Weather Juice UI starting
2026-06-04 13:09:34,143 [INFO] __main__: Fetch started: {'city': 'Cape Town', 'period': 'Full Year', 'depth': 10, 'units': 'metric', 'monthly': True, 'unify_scales': True, 'precip_threshold': 2.5}
2026-06-04 13:09:34,144 [DEBUG] api_client: Geocoding request: https://geocoding-api.open-meteo.com/v1/search params={'name': 'Cape Town', 'count': 1, 'format': 'json'}
2026-06-04 13:09:34,966 [DEBUG] api_client: Geocoding response: 1 result(s)
2026-06-04 13:09:34,966 [DEBUG] api_client: Resolved 'Cape Town' to lat=-33.9258, lon=18.4232
2026-06-04 13:09:34,967 [DEBUG] api_client: Weather request: https://archive-api.open-meteo.com/v1/archive params={'latitude': -33.92584, 'longitude': 18.42322, 'start_date': '2015-01-01', 'end_date': '2025-12-31', 'daily': 'temperature_2m_max,temperature_2m_min,precipitation_sum', 'timezone': 'auto'}
2026-06-04 13:09:38,890 [DEBUG] api_client: Weather response: 4018 daily records
2026-06-04 13:09:38,891 [DEBUG] processing: Processing weather data: period=Full Year, units=metric, monthly=True, custom=False
2026-06-04 13:09:38,907 [DEBUG] processing: Raw dataframe: 4018 rows
2026-06-04 13:09:38,916 [DEBUG] processing: Zeroed 3459 precipitation values below 2.5 mm threshold
2026-06-04 13:09:38,921 [DEBUG] processing: Excluded 3 leap day rows, 4015 rows remaining
2026-06-04 13:09:38,928 [DEBUG] processing: After season filter (Full Year): 4015 rows
2026-06-04 13:09:38,940 [DEBUG] processing: Processing complete: 12 output rows
2026-06-04 13:09:51,312 [INFO] __main__: Fetch started: {'city': 'Cape Town', 'period': 'Full Year', 'depth': 10, 'units': 'metric', 'monthly': True, 'unify_scales': True, 'precip_threshold': 0.0}
2026-06-04 13:09:51,312 [DEBUG] api_client: Geocoding request: https://geocoding-api.open-meteo.com/v1/search params={'name': 'Cape Town', 'count': 1, 'format': 'json'}
2026-06-04 13:09:52,093 [DEBUG] api_client: Geocoding response: 1 result(s)
2026-06-04 13:09:52,105 [DEBUG] api_client: Resolved 'Cape Town' to lat=-33.9258, lon=18.4232
2026-06-04 13:09:52,106 [DEBUG] api_client: Weather request: https://archive-api.open-meteo.com/v1/archive params={'latitude': -33.92584, 'longitude': 18.42322, 'start_date': '2015-01-01', 'end_date': '2025-12-31', 'daily': 'temperature_2m_max,temperature_2m_min,precipitation_sum', 'timezone': 'auto'}
2026-06-04 13:09:55,036 [DEBUG] api_client: Weather response: 4018 daily records
2026-06-04 13:09:55,037 [DEBUG] processing: Processing weather data: period=Full Year, units=metric, monthly=True, custom=False
2026-06-04 13:09:55,039 [DEBUG] processing: Raw dataframe: 4018 rows
2026-06-04 13:09:55,041 [DEBUG] processing: Excluded 3 leap day rows, 4015 rows remaining
2026-06-04 13:09:55,043 [DEBUG] processing: After season filter (Full Year): 4015 rows
2026-06-04 13:09:55,045 [DEBUG] processing: Processing complete: 12 output rows
2026-06-04 13:10:39,160 [INFO] __main__: Fetch started: {'city': 'Cape Town', 'period': 'Full Year', 'depth': 10, 'units': 'imperial', 'monthly': True, 'unify_scales': True, 'precip_threshold': 0.0}
2026-06-04 13:10:39,160 [DEBUG] api_client: Geocoding request: https://geocoding-api.open-meteo.com/v1/search params={'name': 'Cape Town', 'count': 1, 'format': 'json'}
2026-06-04 13:10:39,943 [DEBUG] api_client: Geocoding response: 1 result(s)
2026-06-04 13:10:39,943 [DEBUG] api_client: Resolved 'Cape Town' to lat=-33.9258, lon=18.4232
2026-06-04 13:10:39,944 [DEBUG] api_client: Weather request: https://archive-api.open-meteo.com/v1/archive params={'latitude': -33.92584, 'longitude': 18.42322, 'start_date': '2015-01-01', 'end_date': '2025-12-31', 'daily': 'temperature_2m_max,temperature_2m_min,precipitation_sum', 'timezone': 'auto'}
2026-06-04 13:10:44,324 [DEBUG] api_client: Weather response: 4018 daily records
2026-06-04 13:10:44,325 [DEBUG] processing: Processing weather data: period=Full Year, units=imperial, monthly=True, custom=False
2026-06-04 13:10:44,328 [DEBUG] processing: Raw dataframe: 4018 rows
2026-06-04 13:10:44,329 [DEBUG] processing: Excluded 3 leap day rows, 4015 rows remaining
2026-06-04 13:10:44,331 [DEBUG] processing: After season filter (Full Year): 4015 rows
2026-06-04 13:10:44,334 [DEBUG] processing: Processing complete: 12 output rows
2026-06-04 13:11:27,632 [INFO] __main__: Fetch started: {'city': 'Cape Town', 'period': 'Month', 'depth': 10, 'units': 'metric', 'monthly': True, 'unify_scales': True, 'precip_threshold': 0.0, 'selected_month': 7}
2026-06-04 13:11:27,632 [DEBUG] api_client: Geocoding request: https://geocoding-api.open-meteo.com/v1/search params={'name': 'Cape Town', 'count': 1, 'format': 'json'}
2026-06-04 13:11:28,401 [DEBUG] api_client: Geocoding response: 1 result(s)
2026-06-04 13:11:28,401 [DEBUG] api_client: Resolved 'Cape Town' to lat=-33.9258, lon=18.4232
2026-06-04 13:11:28,402 [DEBUG] api_client: Weather request: https://archive-api.open-meteo.com/v1/archive params={'latitude': -33.92584, 'longitude': 18.42322, 'start_date': '2015-01-01', 'end_date': '2025-12-31', 'daily': 'temperature_2m_max,temperature_2m_min,precipitation_sum', 'timezone': 'auto'}
2026-06-04 13:11:29,373 [DEBUG] api_client: Weather response: 4018 daily records
2026-06-04 13:11:29,374 [DEBUG] processing: Processing weather data: period=Month, units=metric, monthly=True, custom=True
2026-06-04 13:11:29,376 [DEBUG] processing: Raw dataframe: 4018 rows
2026-06-04 13:11:29,377 [DEBUG] processing: Excluded 3 leap day rows, 4015 rows remaining
2026-06-04 13:11:29,396 [DEBUG] processing: After custom range filter (7/1 - 7/31): 341 rows
2026-06-04 13:11:29,404 [DEBUG] processing: Processing complete: 31 output rows
2026-06-04 13:11:47,591 [INFO] __main__: Fetch started: {'city': 'Cape Town', 'period': 'Month', 'depth': 10, 'units': 'imperial', 'monthly': True, 'unify_scales': True, 'precip_threshold': 0.0, 'selected_month': 7}
2026-06-04 13:11:47,592 [DEBUG] api_client: Geocoding request: https://geocoding-api.open-meteo.com/v1/search params={'name': 'Cape Town', 'count': 1, 'format': 'json'}
2026-06-04 13:11:48,377 [DEBUG] api_client: Geocoding response: 1 result(s)
2026-06-04 13:11:48,377 [DEBUG] api_client: Resolved 'Cape Town' to lat=-33.9258, lon=18.4232
2026-06-04 13:11:48,378 [DEBUG] api_client: Weather request: https://archive-api.open-meteo.com/v1/archive params={'latitude': -33.92584, 'longitude': 18.42322, 'start_date': '2015-01-01', 'end_date': '2025-12-31', 'daily': 'temperature_2m_max,temperature_2m_min,precipitation_sum', 'timezone': 'auto'}
2026-06-04 13:11:50,421 [DEBUG] api_client: Weather response: 4018 daily records
2026-06-04 13:11:50,422 [DEBUG] processing: Processing weather data: period=Month, units=imperial, monthly=True, custom=True
2026-06-04 13:11:50,424 [DEBUG] processing: Raw dataframe: 4018 rows
2026-06-04 13:11:50,425 [DEBUG] processing: Excluded 3 leap day rows, 4015 rows remaining
2026-06-04 13:11:50,428 [DEBUG] processing: After custom range filter (7/1 - 7/31): 341 rows
2026-06-04 13:11:50,431 [DEBUG] processing: Processing complete: 31 output rows
2026-06-04 13:11:56,144 [INFO] __main__: Fetch started: {'city': 'Cape Town', 'period': 'Month', 'depth': 10, 'units': 'imperial', 'monthly': True, 'unify_scales': False, 'precip_threshold': 0.0, 'selected_month': 7}
2026-06-04 13:11:56,144 [DEBUG] api_client: Geocoding request: https://geocoding-api.open-meteo.com/v1/search params={'name': 'Cape Town', 'count': 1, 'format': 'json'}
2026-06-04 13:11:56,899 [DEBUG] api_client: Geocoding response: 1 result(s)
2026-06-04 13:11:56,899 [DEBUG] api_client: Resolved 'Cape Town' to lat=-33.9258, lon=18.4232
2026-06-04 13:11:56,900 [DEBUG] api_client: Weather request: https://archive-api.open-meteo.com/v1/archive params={'latitude': -33.92584, 'longitude': 18.42322, 'start_date': '2015-01-01', 'end_date': '2025-12-31', 'daily': 'temperature_2m_max,temperature_2m_min,precipitation_sum', 'timezone': 'auto'}
2026-06-04 13:12:01,373 [DEBUG] api_client: Weather response: 4018 daily records
2026-06-04 13:12:01,374 [DEBUG] processing: Processing weather data: period=Month, units=imperial, monthly=True, custom=True
2026-06-04 13:12:01,376 [DEBUG] processing: Raw dataframe: 4018 rows
2026-06-04 13:12:01,377 [DEBUG] processing: Excluded 3 leap day rows, 4015 rows remaining
2026-06-04 13:12:01,380 [DEBUG] processing: After custom range filter (7/1 - 7/31): 341 rows
2026-06-04 13:12:01,383 [DEBUG] processing: Processing complete: 31 output rows
2026-06-04 13:21:28,527 [INFO] __main__: Fetch started: {'city': 'bloemfontein', 'period': 'Month', 'depth': 10, 'units': 'imperial', 'monthly': True, 'unify_scales': False, 'precip_threshold': 0.0, 'selected_month': 7}
2026-06-04 13:21:28,527 [DEBUG] api_client: Geocoding request: https://geocoding-api.open-meteo.com/v1/search params={'name': 'bloemfontein', 'count': 1, 'format': 'json'}
2026-06-04 13:21:29,334 [DEBUG] api_client: Geocoding response: 1 result(s)
2026-06-04 13:21:29,334 [DEBUG] api_client: Resolved 'bloemfontein' to lat=-29.1211, lon=26.2140
2026-06-04 13:21:29,335 [DEBUG] api_client: Weather request: https://archive-api.open-meteo.com/v1/archive params={'latitude': -29.12107, 'longitude': 26.214, 'start_date': '2015-01-01', 'end_date': '2025-12-31', 'daily': 'temperature_2m_max,temperature_2m_min,precipitation_sum', 'timezone': 'auto'}
2026-06-04 13:21:31,697 [DEBUG] api_client: Weather response: 4018 daily records
2026-06-04 13:21:31,698 [DEBUG] processing: Processing weather data: period=Month, units=imperial, monthly=True, custom=True
2026-06-04 13:21:31,701 [DEBUG] processing: Raw dataframe: 4018 rows
2026-06-04 13:21:31,702 [DEBUG] processing: Excluded 3 leap day rows, 4015 rows remaining
2026-06-04 13:21:31,705 [DEBUG] processing: After custom range filter (7/1 - 7/31): 341 rows
2026-06-04 13:21:31,708 [DEBUG] processing: Processing complete: 31 output rows
2026-06-04 13:21:47,958 [INFO] __main__: Fetch started: {'city': 'bloemfontein', 'period': 'Month', 'depth': 10, 'units': 'metric', 'monthly': True, 'unify_scales': True, 'precip_threshold': 0.0, 'selected_month': 7}
2026-06-04 13:21:47,958 [DEBUG] api_client: Geocoding request: https://geocoding-api.open-meteo.com/v1/search params={'name': 'bloemfontein', 'count': 1, 'format': 'json'}
2026-06-04 13:21:48,711 [DEBUG] api_client: Geocoding response: 1 result(s)
2026-06-04 13:21:48,711 [DEBUG] api_client: Resolved 'bloemfontein' to lat=-29.1211, lon=26.2140
2026-06-04 13:21:48,712 [DEBUG] api_client: Weather request: https://archive-api.open-meteo.com/v1/archive params={'latitude': -29.12107, 'longitude': 26.214, 'start_date': '2015-01-01', 'end_date': '2025-12-31', 'daily': 'temperature_2m_max,temperature_2m_min,precipitation_sum', 'timezone': 'auto'}
2026-06-04 13:21:51,337 [DEBUG] api_client: Weather response: 4018 daily records
2026-06-04 13:21:51,338 [DEBUG] processing: Processing weather data: period=Month, units=metric, monthly=True, custom=True
2026-06-04 13:21:51,341 [DEBUG] processing: Raw dataframe: 4018 rows
2026-06-04 13:21:51,342 [DEBUG] processing: Excluded 3 leap day rows, 4015 rows remaining
2026-06-04 13:21:51,345 [DEBUG] processing: After custom range filter (7/1 - 7/31): 341 rows
2026-06-04 13:21:51,347 [DEBUG] processing: Processing complete: 31 output rows
2026-06-04 13:23:44,239 [INFO] __main__: Weather Juice UI starting
2026-06-04 13:24:07,903 [INFO] __main__: Fetch started: {'city': 'Cape Town', 'period': 'Spring', 'depth': 10, 'units': 'metric', 'monthly': True, 'unify_scales': True, 'precip_threshold': 2.5}
2026-06-04 13:24:07,904 [DEBUG] api_client: Geocoding request: https://geocoding-api.open-meteo.com/v1/search params={'name': 'Cape Town', 'count': 1, 'format': 'json'}
2026-06-04 13:24:08,674 [DEBUG] api_client: Geocoding response: 1 result(s)
2026-06-04 13:24:08,675 [DEBUG] api_client: Resolved 'Cape Town' to lat=-33.9258, lon=18.4232
2026-06-04 13:24:08,676 [DEBUG] api_client: Weather request: https://archive-api.open-meteo.com/v1/archive params={'latitude': -33.92584, 'longitude': 18.42322, 'start_date': '2015-01-01', 'end_date': '2025-12-31', 'daily': 'temperature_2m_max,temperature_2m_min,precipitation_sum', 'timezone': 'auto'}
2026-06-04 13:24:14,415 [DEBUG] api_client: Weather response: 4018 daily records
2026-06-04 13:24:14,416 [DEBUG] processing: Processing weather data: period=Spring, units=metric, monthly=True, custom=False
2026-06-04 13:24:14,419 [DEBUG] processing: Raw dataframe: 4018 rows
2026-06-04 13:24:14,420 [DEBUG] processing: Zeroed 3459 precipitation values below 2.5 mm threshold
2026-06-04 13:24:14,421 [DEBUG] processing: Excluded 3 leap day rows, 4015 rows remaining
2026-06-04 13:24:14,425 [DEBUG] processing: After season filter (Spring): 1001 rows
2026-06-04 13:24:14,427 [DEBUG] processing: Processing complete: 3 output rows
2026-06-04 13:24:19,559 [INFO] __main__: Fetch started: {'city': 'Cape Town', 'period': 'Spring', 'depth': 10, 'units': 'metric', 'monthly': False, 'unify_scales': True, 'precip_threshold': 2.5}
2026-06-04 13:24:19,560 [DEBUG] api_client: Geocoding request: https://geocoding-api.open-meteo.com/v1/search params={'name': 'Cape Town', 'count': 1, 'format': 'json'}
2026-06-04 13:24:20,325 [DEBUG] api_client: Geocoding response: 1 result(s)
2026-06-04 13:24:20,325 [DEBUG] api_client: Resolved 'Cape Town' to lat=-33.9258, lon=18.4232
2026-06-04 13:24:20,327 [DEBUG] api_client: Weather request: https://archive-api.open-meteo.com/v1/archive params={'latitude': -33.92584, 'longitude': 18.42322, 'start_date': '2015-01-01', 'end_date': '2025-12-31', 'daily': 'temperature_2m_max,temperature_2m_min,precipitation_sum', 'timezone': 'auto'}
2026-06-04 13:24:25,996 [DEBUG] api_client: Weather response: 4018 daily records
2026-06-04 13:24:25,998 [DEBUG] processing: Processing weather data: period=Spring, units=metric, monthly=False, custom=False
2026-06-04 13:24:26,000 [DEBUG] processing: Raw dataframe: 4018 rows
2026-06-04 13:24:26,000 [DEBUG] processing: Zeroed 3459 precipitation values below 2.5 mm threshold
2026-06-04 13:24:26,001 [DEBUG] processing: Excluded 3 leap day rows, 4015 rows remaining
2026-06-04 13:24:26,004 [DEBUG] processing: After season filter (Spring): 1001 rows
2026-06-04 13:24:26,010 [DEBUG] processing: Processing complete: 91 output rows
2026-06-04 13:24:44,303 [INFO] __main__: Fetch started: {'city': 'Cape Town', 'period': 'Full Year', 'depth': 10, 'units': 'metric', 'monthly': True, 'unify_scales': True, 'precip_threshold': 2.5}
2026-06-04 13:24:44,303 [DEBUG] api_client: Geocoding request: https://geocoding-api.open-meteo.com/v1/search params={'name': 'Cape Town', 'count': 1, 'format': 'json'}
2026-06-04 13:24:45,077 [DEBUG] api_client: Geocoding response: 1 result(s)
2026-06-04 13:24:45,077 [DEBUG] api_client: Resolved 'Cape Town' to lat=-33.9258, lon=18.4232
2026-06-04 13:24:45,078 [DEBUG] api_client: Weather request: https://archive-api.open-meteo.com/v1/archive params={'latitude': -33.92584, 'longitude': 18.42322, 'start_date': '2015-01-01', 'end_date': '2025-12-31', 'daily': 'temperature_2m_max,temperature_2m_min,precipitation_sum', 'timezone': 'auto'}
2026-06-04 13:24:45,976 [DEBUG] api_client: Weather response: 4018 daily records
2026-06-04 13:24:45,977 [DEBUG] processing: Processing weather data: period=Full Year, units=metric, monthly=True, custom=False
2026-06-04 13:24:45,980 [DEBUG] processing: Raw dataframe: 4018 rows
2026-06-04 13:24:45,981 [DEBUG] processing: Zeroed 3459 precipitation values below 2.5 mm threshold
2026-06-04 13:24:45,982 [DEBUG] processing: Excluded 3 leap day rows, 4015 rows remaining
2026-06-04 13:24:45,985 [DEBUG] processing: After season filter (Full Year): 4015 rows
2026-06-04 13:24:45,987 [DEBUG] processing: Processing complete: 12 output rows
2026-06-04 13:24:53,775 [INFO] __main__: Fetch started: {'city': 'Cape Town', 'period': 'Full Year', 'depth': 10, 'units': 'metric', 'monthly': True, 'unify_scales': True, 'precip_threshold': 0.0}
2026-06-04 13:24:53,775 [DEBUG] api_client: Geocoding request: https://geocoding-api.open-meteo.com/v1/search params={'name': 'Cape Town', 'count': 1, 'format': 'json'}
2026-06-04 13:24:54,541 [DEBUG] api_client: Geocoding response: 1 result(s)
2026-06-04 13:24:54,541 [DEBUG] api_client: Resolved 'Cape Town' to lat=-33.9258, lon=18.4232
2026-06-04 13:24:54,542 [DEBUG] api_client: Weather request: https://archive-api.open-meteo.com/v1/archive params={'latitude': -33.92584, 'longitude': 18.42322, 'start_date': '2015-01-01', 'end_date': '2025-12-31', 'daily': 'temperature_2m_max,temperature_2m_min,precipitation_sum', 'timezone': 'auto'}
2026-06-04 13:24:57,997 [DEBUG] api_client: Weather response: 4018 daily records
2026-06-04 13:24:57,998 [DEBUG] processing: Processing weather data: period=Full Year, units=metric, monthly=True, custom=False
2026-06-04 13:24:58,001 [DEBUG] processing: Raw dataframe: 4018 rows
2026-06-04 13:24:58,002 [DEBUG] processing: Excluded 3 leap day rows, 4015 rows remaining
2026-06-04 13:24:58,005 [DEBUG] processing: After season filter (Full Year): 4015 rows
2026-06-04 13:24:58,008 [DEBUG] processing: Processing complete: 12 output rows
2026-06-04 13:25:04,014 [INFO] __main__: Fetch started: {'city': 'Johannesburg', 'period': 'Full Year', 'depth': 10, 'units': 'metric', 'monthly': True, 'unify_scales': True, 'precip_threshold': 0.0}
2026-06-04 13:25:04,015 [DEBUG] api_client: Geocoding request: https://geocoding-api.open-meteo.com/v1/search params={'name': 'Johannesburg', 'count': 1, 'format': 'json'}
2026-06-04 13:25:04,777 [DEBUG] api_client: Geocoding response: 1 result(s)
2026-06-04 13:25:04,777 [DEBUG] api_client: Resolved 'Johannesburg' to lat=-26.2023, lon=28.0436
2026-06-04 13:25:04,778 [DEBUG] api_client: Weather request: https://archive-api.open-meteo.com/v1/archive params={'latitude': -26.20227, 'longitude': 28.04363, 'start_date': '2015-01-01', 'end_date': '2025-12-31', 'daily': 'temperature_2m_max,temperature_2m_min,precipitation_sum', 'timezone': 'auto'}
2026-06-04 13:25:06,173 [DEBUG] api_client: Weather response: 4018 daily records
2026-06-04 13:25:06,174 [DEBUG] processing: Processing weather data: period=Full Year, units=metric, monthly=True, custom=False
2026-06-04 13:25:06,177 [DEBUG] processing: Raw dataframe: 4018 rows
2026-06-04 13:25:06,179 [DEBUG] processing: Excluded 3 leap day rows, 4015 rows remaining
2026-06-04 13:25:06,182 [DEBUG] processing: After season filter (Full Year): 4015 rows
2026-06-04 13:25:06,184 [DEBUG] processing: Processing complete: 12 output rows
2026-06-04 13:25:23,550 [INFO] __main__: Fetch started: {'city': 'Johannesburg', 'period': 'Month', 'depth': 10, 'units': 'metric', 'monthly': True, 'unify_scales': True, 'precip_threshold': 0.0, 'selected_month': 8}
2026-06-04 13:25:23,551 [DEBUG] api_client: Geocoding request: https://geocoding-api.open-meteo.com/v1/search params={'name': 'Johannesburg', 'count': 1, 'format': 'json'}
2026-06-04 13:25:24,298 [DEBUG] api_client: Geocoding response: 1 result(s)
2026-06-04 13:25:24,298 [DEBUG] api_client: Resolved 'Johannesburg' to lat=-26.2023, lon=28.0436
2026-06-04 13:25:24,299 [DEBUG] api_client: Weather request: https://archive-api.open-meteo.com/v1/archive params={'latitude': -26.20227, 'longitude': 28.04363, 'start_date': '2015-01-01', 'end_date': '2025-12-31', 'daily': 'temperature_2m_max,temperature_2m_min,precipitation_sum', 'timezone': 'auto'}
2026-06-04 13:25:25,167 [DEBUG] api_client: Weather response: 4018 daily records
2026-06-04 13:25:25,168 [DEBUG] processing: Processing weather data: period=Month, units=metric, monthly=True, custom=True
2026-06-04 13:25:25,170 [DEBUG] processing: Raw dataframe: 4018 rows
2026-06-04 13:25:25,172 [DEBUG] processing: Excluded 3 leap day rows, 4015 rows remaining
2026-06-04 13:25:25,175 [DEBUG] processing: After custom range filter (8/1 - 8/31): 341 rows
2026-06-04 13:25:25,178 [DEBUG] processing: Processing complete: 31 output rows
2026-06-04 13:25:35,208 [INFO] __main__: Fetch started: {'city': 'Johannesburg', 'period': 'Month', 'depth': 10, 'units': 'metric', 'monthly': True, 'unify_scales': True, 'precip_threshold': 0.0, 'selected_month': 9}
2026-06-04 13:25:35,208 [DEBUG] api_client: Geocoding request: https://geocoding-api.open-meteo.com/v1/search params={'name': 'Johannesburg', 'count': 1, 'format': 'json'}
2026-06-04 13:25:35,975 [DEBUG] api_client: Geocoding response: 1 result(s)
2026-06-04 13:25:35,975 [DEBUG] api_client: Resolved 'Johannesburg' to lat=-26.2023, lon=28.0436
2026-06-04 13:25:35,977 [DEBUG] api_client: Weather request: https://archive-api.open-meteo.com/v1/archive params={'latitude': -26.20227, 'longitude': 28.04363, 'start_date': '2015-01-01', 'end_date': '2025-12-31', 'daily': 'temperature_2m_max,temperature_2m_min,precipitation_sum', 'timezone': 'auto'}
2026-06-04 13:25:37,819 [DEBUG] api_client: Weather response: 4018 daily records
2026-06-04 13:25:37,820 [DEBUG] processing: Processing weather data: period=Month, units=metric, monthly=True, custom=True
2026-06-04 13:25:37,823 [DEBUG] processing: Raw dataframe: 4018 rows
2026-06-04 13:25:37,824 [DEBUG] processing: Excluded 3 leap day rows, 4015 rows remaining
2026-06-04 13:25:37,827 [DEBUG] processing: After custom range filter (9/1 - 9/30): 330 rows
2026-06-04 13:25:37,829 [DEBUG] processing: Processing complete: 30 output rows
2026-06-04 13:25:45,584 [INFO] __main__: Fetch started: {'city': 'Johannesburg', 'period': 'Month', 'depth': 10, 'units': 'metric', 'monthly': True, 'unify_scales': True, 'precip_threshold': 0.0, 'selected_month': 10}
2026-06-04 13:25:45,585 [DEBUG] api_client: Geocoding request: https://geocoding-api.open-meteo.com/v1/search params={'name': 'Johannesburg', 'count': 1, 'format': 'json'}
2026-06-04 13:25:46,361 [DEBUG] api_client: Geocoding response: 1 result(s)
2026-06-04 13:25:46,361 [DEBUG] api_client: Resolved 'Johannesburg' to lat=-26.2023, lon=28.0436
2026-06-04 13:25:46,362 [DEBUG] api_client: Weather request: https://archive-api.open-meteo.com/v1/archive params={'latitude': -26.20227, 'longitude': 28.04363, 'start_date': '2015-01-01', 'end_date': '2025-12-31', 'daily': 'temperature_2m_max,temperature_2m_min,precipitation_sum', 'timezone': 'auto'}
2026-06-04 13:25:50,174 [DEBUG] api_client: Weather response: 4018 daily records
2026-06-04 13:25:50,175 [DEBUG] processing: Processing weather data: period=Month, units=metric, monthly=True, custom=True
2026-06-04 13:25:50,177 [DEBUG] processing: Raw dataframe: 4018 rows
2026-06-04 13:25:50,178 [DEBUG] processing: Excluded 3 leap day rows, 4015 rows remaining
2026-06-04 13:25:50,181 [DEBUG] processing: After custom range filter (10/1 - 10/31): 341 rows
2026-06-04 13:25:50,183 [DEBUG] processing: Processing complete: 31 output rows
2026-06-04 13:25:58,046 [INFO] __main__: Fetch started: {'city': 'Cape Town', 'period': 'Month', 'depth': 10, 'units': 'metric', 'monthly': True, 'unify_scales': True, 'precip_threshold': 0.0, 'selected_month': 10}
2026-06-04 13:25:58,046 [DEBUG] api_client: Geocoding request: https://geocoding-api.open-meteo.com/v1/search params={'name': 'Cape Town', 'count': 1, 'format': 'json'}
2026-06-04 13:25:58,813 [DEBUG] api_client: Geocoding response: 1 result(s)
2026-06-04 13:25:58,814 [DEBUG] api_client: Resolved 'Cape Town' to lat=-33.9258, lon=18.4232
2026-06-04 13:25:58,815 [DEBUG] api_client: Weather request: https://archive-api.open-meteo.com/v1/archive params={'latitude': -33.92584, 'longitude': 18.42322, 'start_date': '2015-01-01', 'end_date': '2025-12-31', 'daily': 'temperature_2m_max,temperature_2m_min,precipitation_sum', 'timezone': 'auto'}
2026-06-04 13:26:05,273 [DEBUG] api_client: Weather response: 4018 daily records
2026-06-04 13:26:05,274 [DEBUG] processing: Processing weather data: period=Month, units=metric, monthly=True, custom=True
2026-06-04 13:26:05,277 [DEBUG] processing: Raw dataframe: 4018 rows
2026-06-04 13:26:05,278 [DEBUG] processing: Excluded 3 leap day rows, 4015 rows remaining
2026-06-04 13:26:05,281 [DEBUG] processing: After custom range filter (10/1 - 10/31): 341 rows
2026-06-04 13:26:05,283 [DEBUG] processing: Processing complete: 31 output rows
2026-06-04 13:26:10,935 [INFO] __main__: Fetch started: {'city': 'Cape Town', 'period': 'Month', 'depth': 10, 'units': 'metric', 'monthly': True, 'unify_scales': False, 'precip_threshold': 0.0, 'selected_month': 10}
2026-06-04 13:26:10,935 [DEBUG] api_client: Geocoding request: https://geocoding-api.open-meteo.com/v1/search params={'name': 'Cape Town', 'count': 1, 'format': 'json'}
2026-06-04 13:26:11,700 [DEBUG] api_client: Geocoding response: 1 result(s)
2026-06-04 13:26:11,700 [DEBUG] api_client: Resolved 'Cape Town' to lat=-33.9258, lon=18.4232
2026-06-04 13:26:11,702 [DEBUG] api_client: Weather request: https://archive-api.open-meteo.com/v1/archive params={'latitude': -33.92584, 'longitude': 18.42322, 'start_date': '2015-01-01', 'end_date': '2025-12-31', 'daily': 'temperature_2m_max,temperature_2m_min,precipitation_sum', 'timezone': 'auto'}
2026-06-04 13:26:16,649 [DEBUG] api_client: Weather response: 4018 daily records
2026-06-04 13:26:16,651 [DEBUG] processing: Processing weather data: period=Month, units=metric, monthly=True, custom=True
2026-06-04 13:26:16,653 [DEBUG] processing: Raw dataframe: 4018 rows
2026-06-04 13:26:16,654 [DEBUG] processing: Excluded 3 leap day rows, 4015 rows remaining
2026-06-04 13:26:16,658 [DEBUG] processing: After custom range filter (10/1 - 10/31): 341 rows
2026-06-04 13:26:16,661 [DEBUG] processing: Processing complete: 31 output rows
2026-06-04 13:26:27,966 [INFO] __main__: Fetch started: {'city': 'Durban', 'period': 'Month', 'depth': 10, 'units': 'metric', 'monthly': True, 'unify_scales': False, 'precip_threshold': 0.0, 'selected_month': 10}
2026-06-04 13:26:27,967 [DEBUG] api_client: Geocoding request: https://geocoding-api.open-meteo.com/v1/search params={'name': 'Durban', 'count': 1, 'format': 'json'}
2026-06-04 13:26:28,725 [DEBUG] api_client: Geocoding response: 1 result(s)
2026-06-04 13:26:28,725 [DEBUG] api_client: Resolved 'Durban' to lat=-29.8579, lon=31.0292
2026-06-04 13:26:28,726 [DEBUG] api_client: Weather request: https://archive-api.open-meteo.com/v1/archive params={'latitude': -29.8579, 'longitude': 31.0292, 'start_date': '2015-01-01', 'end_date': '2025-12-31', 'daily': 'temperature_2m_max,temperature_2m_min,precipitation_sum', 'timezone': 'auto'}
2026-06-04 13:26:32,416 [DEBUG] api_client: Weather response: 4018 daily records
2026-06-04 13:26:32,417 [DEBUG] processing: Processing weather data: period=Month, units=metric, monthly=True, custom=True
2026-06-04 13:26:32,419 [DEBUG] processing: Raw dataframe: 4018 rows
2026-06-04 13:26:32,420 [DEBUG] processing: Excluded 3 leap day rows, 4015 rows remaining
2026-06-04 13:26:32,423 [DEBUG] processing: After custom range filter (10/1 - 10/31): 341 rows
2026-06-04 13:26:32,426 [DEBUG] processing: Processing complete: 31 output rows
2026-06-04 13:26:37,833 [INFO] __main__: Fetch started: {'city': 'Durban', 'period': 'Month', 'depth': 10, 'units': 'metric', 'monthly': True, 'unify_scales': True, 'precip_threshold': 0.0, 'selected_month': 10}
2026-06-04 13:26:37,834 [DEBUG] api_client: Geocoding request: https://geocoding-api.open-meteo.com/v1/search params={'name': 'Durban', 'count': 1, 'format': 'json'}
2026-06-04 13:26:38,614 [DEBUG] api_client: Geocoding response: 1 result(s)
2026-06-04 13:26:38,614 [DEBUG] api_client: Resolved 'Durban' to lat=-29.8579, lon=31.0292
2026-06-04 13:26:38,615 [DEBUG] api_client: Weather request: https://archive-api.open-meteo.com/v1/archive params={'latitude': -29.8579, 'longitude': 31.0292, 'start_date': '2015-01-01', 'end_date': '2025-12-31', 'daily': 'temperature_2m_max,temperature_2m_min,precipitation_sum', 'timezone': 'auto'}
2026-06-04 13:26:40,894 [DEBUG] api_client: Weather response: 4018 daily records
2026-06-04 13:26:40,895 [DEBUG] processing: Processing weather data: period=Month, units=metric, monthly=True, custom=True
2026-06-04 13:26:40,898 [DEBUG] processing: Raw dataframe: 4018 rows
2026-06-04 13:26:40,899 [DEBUG] processing: Excluded 3 leap day rows, 4015 rows remaining
2026-06-04 13:26:40,902 [DEBUG] processing: After custom range filter (10/1 - 10/31): 341 rows
2026-06-04 13:26:40,904 [DEBUG] processing: Processing complete: 31 output rows
